study_record_id,study_patient_id,age_years,sex_source_code,pachymetry_um,baseline_kmax_d,baseline_mean_k_d,baseline_spherical_equivalent_d,baseline_cylinder_d,cxl_accelerated_source_code,baseline_cdva_logmar,nominal_1year_cdva_logmar,nominal_1year_kmax_d,last_cdva_logmar,source_last_followup_months,sex_label,epithelium_label,correction_before_label,source_visit_label,visit_dates_available,window_10_14_months_verified,screening_disposition
PLSR0001,PLSP0001,20,0,363.0,56.6,44.85,-7.38,-5.75,0,0.096910013008057,,60.6,,,Female,Off, ,1Y,False,False,missing nominal one-year outcome
PLSR0002,PLSP0002,18,1,508.0,49.6,47.45,-0.63,-1.25,0,0.096910013008057,0.096910013008057,46.6,0.045757490560676,,Male,Off,Spectacles,1Y,False,False,included
PLSR0003,PLSP0003,24,1,420.0,57.7,52.1,-8.5,-5.0,0,0.30102999566398,,,,,Male,Off,Spectacles,1Y,False,False,missing nominal one-year outcome
PLSR0004,PLSP0004,21,1,456.0,48.9,43.3,-0.5,-3.5,0,0.221848749616356,0.096910013008057,45.9,0.096910013008057,,Male,Off, ,1Y,False,False,included
PLSR0005,PLSP0004,24,1,423.0,51.8,45.35,0.37,-2.25,1,0.39794000867204,,,,,Male,Off, ,1Y,False,False,missing nominal one-year outcome
PLSR0006,PLSP0005,21,0,412.0,60.2,50.0,,,0,0.39794000867204,,,,,Female,Off,RGP,1Y,False,False,missing nominal one-year outcome
PLSR0007,PLSP0006,26,1,450.0,55.2,50.15,-0.75,-1.5,0,0.173925197299174,,,0.30102999566398,,Male,Off,RGP,1Y,False,False,missing nominal one-year outcome
PLSR0008,PLSP0007,18,1,412.0,56.4,49.400000000000006,,,0,,,,0.045757490560676,,Male,Off,No correction,1Y,False,False,missing nominal one-year outcome
PLSR0009,PLSP0007,24,1,423.0,53.0,47.55,0.5,-4.5,1,0.39794000867204,,,,,Male,Off,No correction,1Y,False,False,missing nominal one-year outcome
PLSR0010,PLSP0008,22,1,417.0,58.2,48.2,-4.75,-3.0,0,0.698970004336019,0.173925197299174,53.1,0.173925197299174,,Male,Off,Spectacles,1Y,False,False,included
PLSR0011,PLSP0009,21,1,554.0,44.9,44.05,-3.65,-0.75,1,0.0,0.0,46.7,0.0,21.1,Male,On,Spectacles,1Y,False,False,included
PLSR0012,PLSP0010,23,0,,48.9,43.3,-10.0,0.0,0,0.221848749616356,,,0.154901959985743,75.73333333333333,Female,Off,RGP,1Y,False,False,missing nominal one-year outcome
PLSR0013,PLSP0010,27,0,323.0,62.1,58.75,-4.0,-8.0,1,0.30102999566398,,,0.30102999566398,27.066666666666663,Female,On,Scleral CL,1Y,False,False,missing nominal one-year outcome
PLSR0014,PLSP0011,27,0,490.0,52.6,48.55,-2.75,-5.5,0,0.39794000867204,0.173925197299174,54.0,0.096910013008057,84.8,Female,Off,Spectacles,1Y,False,False,included
PLSR0015,PLSP0012,24,0,407.0,66.7,53.75,-9.0,-1.0,0,0.522878745280338,,59.7,0.221848749616356,105.93333333333334,Female,Off,Spectacles,1Y,False,False,missing nominal one-year outcome
PLSR0016,PLSP0012,32,0,,48.7,46.3,-9.63,-1.75,1,0.30102999566398,0.154901959985743,49.5,0.221848749616356,56.93333333333333,Female,On,Spectacles,1Y,False,False,missing baseline predictor
PLSR0017,PLSP0013,29,1,464.0,52.6,49.5,-7.0,-6.0,0,0.180456064458131,0.096910013008057,54.7,0.096910013008057,11.066666666666666,Male,Off,RGP,1Y,False,False,included
PLSR0018,PLSP0014,39,1,,62.2,45.650000000000006,,,0,,0.39794000867204,55.3,0.39794000867204,14.466666666666669,Male,Off, ,1Y,False,False,missing baseline predictor
PLSR0019,PLSP0015,30,1,,50.8,45.05,-5.0,-6.0,0,0.698970004336019,0.60205999132796,50.8,0.60205999132796,12.033333333333331,Male,Off,Spectacles,1Y,False,False,missing baseline predictor
PLSR0020,PLSP0015,31,1,472.0,54.6,49.2,-2.5,-6.0,0,0.221848749616356,,,,1.5333333333333334,Male,Off,Spectacles,1Y,False,False,missing nominal one-year outcome
PLSR0021,PLSP0016,26,1,526.0,47.7,42.7,-1.25,-1.5,0,0.096910013008057,0.0,47.5,0.0,64.96666666666667,Male,Off,Soft CL,1Y,False,False,included
PLSR0022,PLSP0017,26,1,375.0,54.4,50.2,-2.25,-4.5,0,0.096910013008057,0.154901959985743,55.8,0.154901959985743,54.16666666666666,Male,Off,Miniscleral,1Y,False,False,included
PLSR0023,PLSP0018,27,1,435.0,55.3,50.400000000000006,-2.5,-4.0,0,0.173925197299174,,,0.096910013008057,57.73333333333333,Male,Off,No correction,1Y,False,False,missing nominal one-year outcome
PLSR0024,PLSP0019,24,1,381.0,46.2,41.95,-0.75,-1.5,0,0.481486060122112,0.221848749616356,44.1,0.221848749616356,17.4,Male,Off,Spectacles,1Y,False,False,included
PLSR0025,PLSP0020,21,1,432.0,56.2,46.85,-0.25,-3.5,0,0.30102999566398,,,,6.2,Male,Off,Spectacles,1Y,False,False,missing nominal one-year outcome
PLSR0026,PLSP0021,24,1,426.0,53.4,43.400000000000006,-0.12,-1.75,0,0.173925197299174,,,,105.86666666666666,Male,Off,Soft CL,1Y,False,False,missing nominal one-year outcome
PLSR0027,PLSP0022,33,0,422.0,47.0,42.55,-1.63,-1.25,0,0.180456064458131,0.096910013008057,45.2,0.045757490560676,57.16666666666666,Female,Off,Spectacles,1Y,False,False,included
PLSR0028,PLSP0022,35,0,444.0,46.2,42.2,-1.25,-3.5,1,0.096910013008057,0.173925197299174,45.7,0.096910013008057,27.53333333333333,Female,Off,Spectacles,1Y,False,False,included
PLSR0029,PLSP0023,18,1,448.0,54.6,43.6,-0.5,-1.0,0,0.221848749616356,0.221848749616356,52.7,0.522878745280338,81.8,Male,Off,Spectacles,1Y,False,False,included
PLSR0030,PLSP0023,26,1,,60.6,55.15,-3.0,-8.0,1,0.522878745280338,,,,6.866666666666666,Male,Off,Scleral CL,1Y,False,False,missing nominal one-year outcome
PLSR0031,PLSP0024,25,1,388.0,58.2,49.2,-5.0,-4.0,0,1.0,0.39794000867204,51.0,0.221848749616356,104.56666666666666,Male,Off, ,1Y,False,False,included
PLSR0032,PLSP0024,30,1,316.0,58.8,54.400000000000006,-13.75,-3.5,1,0.698970004336019,0.698970004336019,57.6,0.698970004336019,50.66666666666666,Male,Off,RGP,1Y,False,False,included
PLSR0033,PLSP0025,26,1,439.0,49.4,46.75,-1.88,-3.75,0,0.30102999566398,,,,3.966666666666667,Male,Off,Spectacles,1Y,False,False,missing nominal one-year outcome
PLSR0034,PLSP0026,23,0,433.0,57.0,46.85,-0.5,-4.0,0,0.481486060122112,,,,5.133333333333334,Female,Off,Spectacles,1Y,False,False,missing nominal one-year outcome
PLSR0035,PLSP0027,26,1,466.0,54.1,46.15,-1.25,-5.0,0,0.221848749616356,0.154901959985743,51.9,0.096910013008057,89.6,Male,Off,Spectacles,1Y,False,False,included
PLSR0036,PLSP0027,29,1,493.0,51.5,45.2,-1.5,-4.5,1,0.154901959985743,-0.079181246047625,50.2,0.045757490560676,54.833333333333336,Male,On,Spectacles,1Y,False,False,included
PLSR0037,PLSP0028,24,0,441.0,53.9,48.85,,,0,0.522878745280338,0.154901959985743,50.4,0.154901959985743,55.1,Female,Off,No correction,1Y,False,False,included
PLSR0038,PLSP0029,36,0,,58.4,46.65,-0.6,-3.25,0,0.221848749616356,0.30102999566398,57.5,0.096910013008057,86.86666666666666,Female,Off,Spectacles,1Y,False,False,missing baseline predictor
PLSR0039,PLSP0030,29,0,457.0,55.2,48.7,-5.5,-1.75,0,0.39794000867204,,,0.522878745280338,66.96666666666667,Female,Off,No correction,1Y,False,False,missing nominal one-year outcome
PLSR0040,PLSP0031,21,1,398.0,55.3,54.45,,,0,0.522878745280338,,,,3.633333333333333,Male,Off, ,1Y,False,False,missing nominal one-year outcome
PLSR0041,PLSP0032,31,0,424.0,59.7,53.2,-1.88,-3.75,0,0.30102999566398,0.39794000867204,56.0,0.30102999566398,59.03333333333333,Female,Off,Spectacles,1Y,False,False,included
PLSR0042,PLSP0032,33,0,456.0,52.6,46.7,0.25,-5.5,1,0.30102999566398,0.30102999566398,56.0,0.154901959985743,30.466666666666665,Female,Off,Spectacles,1Y,False,False,included
PLSR0043,PLSP0033,24,1,504.0,63.7,51.0,-0.12,-2.25,0,0.30102999566398,0.221848749616356,57.7,0.221848749616356,23.33333333333333,Male,Off,Spectacles,1Y,False,False,included
PLSR0044,PLSP0034,22,1,415.0,61.4,54.5,-2.0,-3.0,0,0.173925197299174,0.096910013008057,62.5,0.30102999566398,74.6,Male,Off,RGP,1Y,False,False,included
PLSR0045,PLSP0034,23,1,363.0,64.5,59.5,,,0,0.154901959985743,,,0.39794000867204,54.766666666666666,Male,Off,Piggy back,1Y,False,False,missing nominal one-year outcome
PLSR0046,PLSP0035,18,1,357.0,65.8,61.9,-6.0,-10.0,0,0.769551078621726,1.0,49.7,1.0,34.733333333333334,Male,Off,Scleral CL,1Y,False,False,included
PLSR0047,PLSP0036,18,1,433.0,69.52,52.15,,,0,0.30102999566398,,,0.221848749616356,44.1,Male,Off,Sft K,1Y,False,False,missing nominal one-year outcome
PLSR0048,PLSP0036,20,1,366.0,60.6,55.3,-3.5,-3.0,0,0.481486060122112,,53.5,0.481486060122112,18.3,Male,Off,Sft K,1Y,False,False,missing nominal one-year outcome
PLSR0049,PLSP0037,27,0,519.0,48.4,45.900000000000006,-3.75,-4.5,0,0.173925197299174,0.154901959985743,46.9,0.154901959985743,18.1,Female,Off,Spectacles,1Y,False,False,included
PLSR0050,PLSP0038,24,1,443.0,59.3,53.05,-2.75,-7.0,0,0.39794000867204,,,0.154901959985743,87.63333333333334,Male,Off,Soft CL,1Y,False,False,missing nominal one-year outcome
PLSR0051,PLSP0038,26,1,478.0,46.4,42.400000000000006,-1.75,-5.5,1,0.096910013008057,0.096910013008057,47.9,0.096910013008057,58.46666666666667,Male,On,Soft CL,1Y,False,False,included
PLSR0052,PLSP0039,21,1,392.0,66.0,61.4,,,0,0.30102999566398,0.221848749616356,63.9,0.30102999566398,69.3,Male,Off,Scleral CL,1Y,False,False,included
PLSR0053,PLSP0039,22,1,389.0,69.6,66.45,,,0,0.39794000867204,0.30102999566398,64.2,0.39794000867204,61.96666666666667,Male,Off,Scleral CL,1Y,False,False,included
PLSR0054,PLSP0040,18,1,498.0,50.7,45.35,0.0,-2.0,0,0.39794000867204,0.096910013008057,50.7,0.096910013008057,18.433333333333334,Male,Off,Spectacles,1Y,False,False,included
PLSR0055,PLSP0041,27,0,465.0,58.7,50.3,0.0,-2.0,0,0.39794000867204,0.39794000867204,53.1,0.39794000867204,91.86666666666666,Female,Off,Spectacles,1Y,False,False,included
PLSR0056,PLSP0041,31,0,483.0,47.9,46.25,-0.25,-0.5,1,0.096910013008057,0.096910013008057,48.3,0.154901959985743,45.06666666666667,Female,On,Spectacles,1Y,False,False,included
PLSR0057,PLSP0042,28,1,447.0,54.1,47.5,-0.5,-4.0,0,0.30102999566398,0.30102999566398,53.2,0.096910013008057,72.16666666666667,Male,Off,Spectacles,1Y,False,False,included
PLSR0058,PLSP0042,33,1,506.0,49.0,45.7,0.25,-2.0,1,0.045757490560676,,,,13.133333333333333,Male,On,Spectacles,1Y,False,False,missing nominal one-year outcome
PLSR0059,PLSP0043,42,0,430.0,49.6,43.95,-0.62,-3.25,0,0.173925197299174,,,0.096910013008057,20.166666666666668,Female,Off,Spectacles,1Y,False,False,missing nominal one-year outcome
PLSR0060,PLSP0044,20,1,500.0,49.1,46.0,-3.25,-3.5,1,0.221848749616356,,48.8,,21.666666666666668,Male,Off,Spectacles,1Y,False,False,missing nominal one-year outcome
PLSR0061,PLSP0045,32,1,369.0,61.5,53.8,0.25,-2.75,0,0.221848749616356,,57.2,0.30102999566398,79.56666666666666,Male,Off,Spectacles,1Y,False,False,missing nominal one-year outcome
PLSR0062,PLSP0046,22,1,458.0,49.4,44.5,-2.375,-1.75,1,0.0,0.045757490560676,49.6,0.096910013008057,28.23333333333333,Male,Off,Spectacles,1Y,False,False,included
PLSR0063,PLSP0047,21,0,448.0,55.2,51.5,-1.0,-4.0,0,0.30102999566398,,56.3,0.30102999566398,57.03333333333333,Female,Off,Spectacles,1Y,False,False,missing nominal one-year outcome
PLSR0064,PLSP0047,25,0,466.0,50.8,46.6,-0.75,-6.5,1,0.30102999566398,,49.7,,9.3,Female,Off,Spectacles,1Y,False,False,missing nominal one-year outcome
PLSR0065,PLSP0048,19,1,440.0,65.1,61.9,0.75,-2.5,0,0.698970004336019,0.30102999566398,64.2,0.522878745280338,102.33333333333331,Male,Off,Scleral CL,1Y,False,False,included
PLSR0066,PLSP0049,18,0,460.0,54.1,51.0,-4.5,-6.0,0,0.522878745280338,0.522878745280338,51.5,0.477121254719662,53.66666666666666,Female,Off,Spectacles,1Y,False,False,included
PLSR0067,PLSP0050,27,1,423.0,51.8,47.150000000000006,0.25,-2.0,1,0.096910013008057,,,,-1400.2,Male,On,Spectacles,1Y,False,False,negative source last-followup metadata
PLSR0068,PLSP0051,28,1,445.0,60.6,51.55,,,0,0.221848749616356,0.30102999566398,56.3,0.30102999566398,13.3,Male,Off,Spectacles,1Y,False,False,included
PLSR0069,PLSP0052,27,1,475.0,55.8,45.95,-0.9,-1.75,0,0.173925197299174,,,,7.0,Male,Off,Spectacles,1Y,False,False,missing nominal one-year outcome
PLSR0070,PLSP0053,23,0,474.0,48.0,45.25,-1.875,-2.25,0,0.096910013008057,0.154901959985743,46.0,0.154901959985743,80.96666666666667,Female,Off,Hybrid CL,1Y,False,False,included
PLSR0071,PLSP0054,21,1,485.0,51.1,49.1,-4.75,-6.0,0,0.173925197299174,,,,1.7333333333333334,Male,Off,Spectacles,1Y,False,False,missing nominal one-year outcome
PLSR0072,PLSP0055,22,0,412.0,53.7,49.25,-4.0,-4.0,0,0.30102999566398,,,,2.6,Female,Off,Spectacles,1Y,False,False,missing nominal one-year outcome
PLSR0073,PLSP0056,29,1,410.0,60.0,51.7,-8.0,-4.0,0,0.221848749616356,0.173925197299174,56.8,0.173925197299174,18.33333333333333,Male,Off,Piggy back,1Y,False,False,included
PLSR0074,PLSP0056,30,1,456.0,46.8,42.3,-5.25,-3.5,0,0.096910013008057,,,,1.5333333333333334,Male,Off,Piggy back,1Y,False,False,missing nominal one-year outcome
PLSR0075,PLSP0057,31,1,434.0,51.6,46.55,-1.5,-3.0,0,0.221848749616356,0.221848749616356,52.6,0.096910013008057,29.866666666666667,Male,Off,RGP,1Y,False,False,included
PLSR0076,PLSP0057,34,1,455.0,48.2,43.95,-0.75,-3.5,1,0.30102999566398,,,,1.0333333333333334,Male,On, ,1Y,False,False,missing nominal one-year outcome
PLSR0077,PLSP0058,23,1,440.0,57.8,47.95,-3.0,-3.5,0,0.221848749616356,0.221848749616356,55.1,0.30102999566398,69.46666666666667,Male,Off,Spectacles,1Y,False,False,included
PLSR0078,PLSP0059,25,1,449.0,53.6,42.8,-2.25,-3.5,0,0.30102999566398,,51.7,,14.666666666666666,Male,Off,Spectacles,1Y,False,False,missing nominal one-year outcome
PLSR0079,PLSP0060,20,0,447.0,56.1,45.3,-3.5,-3.0,0,0.173925197299174,,,,5.833333333333333,Female,Off,Spectacles,1Y,False,False,missing nominal one-year outcome
PLSR0080,PLSP0061,25,1,464.0,50.2,45.5,-0.25,-0.5,0,0.045757490560676,,47.6,0.096910013008057,38.5,Male,Off,Spectacles,1Y,False,False,missing nominal one-year outcome
PLSR0081,PLSP0061,25,1,451.0,60.1,51.45,0.62,-2.75,0,0.30102999566398,0.221848749616356,56.2,0.154901959985743,40.833333333333336,Male,Off,Spectacles,1Y,False,False,included
PLSR0082,PLSP0062,19,1,470.0,55.6,50.1,-3.25,-4.5,0,0.154901959985743,0.154901959985743,55.8,0.221848749616356,94.4,Male,Off,Spectacles,1Y,False,False,included
PLSR0083,PLSP0062,22,1,472.0,52.9,49.95,-3.25,-4.0,0,0.154901959985743,0.154901959985743,53.5,0.30102999566398,61.833333333333336,Male,Off,Spectacles,1Y,False,False,included
PLSR0084,PLSP0063,26,1,456.0,55.5,46.8,-0.5,-4.0,0,0.221848749616356,0.096910013008057,53.5,0.096910013008057,24.866666666666667,Male,Off,Spectacles,1Y,False,False,included
PLSR0085,PLSP0063,27,1,472.0,54.2,48.5,0.25,-4.0,0,0.180456064458131,0.221848749616356,51.7,0.221848749616356,20.83333333333333,Male,Off,Spectacles,1Y,False,False,included
PLSR0086,PLSP0064,26,0,497.0,50.3,46.900000000000006,,,0,0.0,0.0,48.0,0.096910013008057,31.9,Female,Off,Spectacles,1Y,False,False,included
PLSR0087,PLSP0064,28,0,483.0,51.2,46.0,-0.5,-3.0,1,0.154901959985743,0.154901959985743,51.0,0.154901959985743,0.0333333333333333,Female,On,Spectacles,1Y,False,False,included
PLSR0088,PLSP0065,36,1,471.0,51.9,47.0,-2.75,-4.0,0,0.39794000867204,0.180456064458131,50.9,0.045757490560676,24.266666666666666,Male,Off,Spectacles,1Y,False,False,included
PLSR0089,PLSP0066,21,0,417.0,53.0,46.9,-4.25,-3.5,0,0.221848749616356,0.154901959985743,49.2,0.154901959985743,29.133333333333333,Female,Off,No correction,1Y,False,False,included
PLSR0090,PLSP0067,19,0,353.0,83.5,70.65,-9.0,-6.0,0,1.0,,,,2.7666666666666666,Female,Off,RGP,1Y,False,False,missing nominal one-year outcome
PLSR0091,PLSP0068,24,1,,51.0,45.05,-3.75,-2.5,0,0.221848749616356,0.173925197299174,49.6,0.173925197299174,40.93333333333333,Male,Off,Spectacles,1Y,False,False,missing baseline predictor
PLSR0092,PLSP0069,19,1,482.0,50.1,48.45,-5.0,-4.0,1,0.30102999566398,0.154901959985743,49.6,0.154901959985743,34.166666666666664,Male,Off,RGP,1Y,False,False,included
PLSR0093,PLSP0070,29,1,521.0,58.0,50.0,-7.0,-6.0,0,0.39794000867204,,54.6,,14.0,Male,Off,Spectacles,1Y,False,False,missing nominal one-year outcome
PLSR0094,PLSP0071,20,1,454.0,63.1,56.85,-2.25,-4.5,0,0.698970004336019,0.481486060122112,61.3,0.698970004336019,36.86666666666667,Male,Off,Spectacles,1Y,False,False,included
PLSR0095,PLSP0071,22,1,523.0,49.3,45.0,1.0,-2.0,1,0.045757490560676,0.154901959985743,48.5,0.154901959985743,7.466666666666667,Male,Off,Spectacles,1Y,False,False,included
PLSR0096,PLSP0072,30,1,438.0,44.8,40.25,-0.75,-4.5,0,0.096910013008057,0.096910013008057,47.7,0.221848749616356,33.266666666666666,Male,Off,Spectacles,1Y,False,False,included
PLSR0097,PLSP0072,33,1,441.0,48.0,43.400000000000006,-1.0,-6.5,1,0.39794000867204,,,,0.3333333333333333,Male,Off,Spectacles,1Y,False,False,missing nominal one-year outcome
PLSR0098,PLSP0073,21,1,446.0,59.0,53.5,-10.0,-6.0,0,0.60205999132796,,,0.30102999566398,37.7,Male,Off, ,1Y,False,False,missing nominal one-year outcome
PLSR0099,PLSP0074,24,0,463.0,57.3,48.3,,,0,0.30102999566398,0.221848749616356,54.2,0.221848749616356,83.76666666666667,Female,Off,Spectacles,1Y,False,False,included
PLSR0100,PLSP0075,19,0,435.0,51.5,45.0,-0.75,-8.0,0,0.30102999566398,0.221848749616356,50.4,0.221848749616356,115.96666666666668,Female,Off,RGP,1Y,False,False,included
PLSR0101,PLSP0075,22,0,461.0,45.8,41.75,0.75,-3.5,0,0.173925197299174,0.173925197299174,46.7,0.173925197299174,78.5,Female,Off,RGP,1Y,False,False,included
PLSR0102,PLSP0076,25,0,441.0,50.4,48.150000000000006,-3.0,-4.0,0,0.221848749616356,0.481486060122112,51.3,0.481486060122112,23.8,Female,Off, ,1Y,False,False,included
PLSR0103,PLSP0077,18,1,424.0,50.6,46.55,-0.25,-1.5,0,0.173925197299174,0.096910013008057,49.7,0.221848749616356,21.633333333333333,Male,Off,Spectacles,1Y,False,False,included
PLSR0104,PLSP0078,33,1,369.0,53.8,50.55,-1.25,-4.5,0,0.522878745280338,,,,6.2,Male,Off,No correction,1Y,False,False,missing nominal one-year outcome
PLSR0105,PLSP0079,26,1,401.0,65.5,48.75,-1.0,-2.0,0,0.39794000867204,0.221848749616356,55.0,0.221848749616356,20.2,Male,Off,Spectacles,1Y,False,False,included
PLSR0106,PLSP0079,27,1,425.0,50.0,45.95,-0.67,-1.25,0,0.173925197299174,0.173925197299174,47.0,0.173925197299174,14.6,Male,Off,Spectacles,1Y,False,False,included
PLSR0107,PLSP0080,28,0,430.0,61.1,50.05,-4.5,-5.0,0,0.39794000867204,,,,0.0333333333333333,Female,Off,Spectacles,1Y,False,False,missing nominal one-year outcome
PLSR0108,PLSP0081,19,0,492.0,45.8,43.75,-1.75,-2.5,0,0.221848749616356,,45.3,0.045757490560676,63.96666666666667,Female,Off,Spectacles,1Y,False,False,missing nominal one-year outcome
PLSR0109,PLSP0082,19,1,425.0,52.1,49.35,,,0,0.39794000867204,0.096910013008057,46.0,0.481486060122112,21.33333333333333,Male,Off,Spectacles,1Y,False,False,included
PLSR0110,PLSP0082,20,1,464.0,50.3,47.5,-3.5,-1.5,0,0.221848749616356,0.481486060122112,46.7,0.481486060122112,14.933333333333334,Male,Off,Spectacles,1Y,False,False,included
PLSR0111,PLSP0083,30,1,453.0,48.3,45.25,,,0,,,,,0.0,Male,Off, ,1Y,False,False,missing nominal one-year outcome
PLSR0112,PLSP0084,27,0,479.0,58.9,53.35,-1.5,-7.0,0,0.39794000867204,0.522878745280338,56.6,0.39794000867204,63.0,Female,Off,Spectacles,1Y,False,False,included
PLSR0113,PLSP0084,28,0,513.0,55.1,49.0,-1.5,-5.0,0,0.30102999566398,0.154901959985743,53.7,0.154901959985743,54.93333333333333,Female,Off,Spectacles,1Y,False,False,included
PLSR0114,PLSP0085,26,1,472.0,59.5,51.8,-1.0,-3.0,0,0.30102999566398,0.096910013008057,57.8,0.154901959985743,50.4,Male,Off,Spectacles,1Y,False,False,included
PLSR0115,PLSP0085,27,1,378.0,67.1,61.6,-3.5,-7.0,0,0.39794000867204,0.154901959985743,68.6,0.154901959985743,37.333333333333336,Male,Off,RGP,1Y,False,False,included
PLSR0116,PLSP0086,47,1,403.0,53.5,47.85,-4.0,-8.0,0,0.30102999566398,0.30102999566398,50.7,0.39794000867204,78.86666666666666,Male,Off,Spectacles,1Y,False,False,included
PLSR0117,PLSP0086,47,1,396.0,59.7,53.1,-4.0,-5.0,0,0.30102999566398,0.096910013008057,54.3,0.30102999566398,76.5,Male,Off,Spectacles,1Y,False,False,included
PLSR0118,PLSP0087,25,1,446.0,55.5,50.5,-4.0,-14.0,0,0.221848749616356,0.39794000867204,52.2,0.39794000867204,58.23333333333333,Male,Off, ,1Y,False,False,included
PLSR0119,PLSP0088,20,0,336.0,78.0,64.80000000000001,-13.25,-6.5,0,0.769551078621726,,68.9,,14.533333333333331,Female,Off,No correction,1Y,False,False,missing nominal one-year outcome
PLSR0120,PLSP0089,20,1,453.0,60.1,50.0,0.25,-6.5,0,0.221848749616356,0.221848749616356,56.2,0.221848749616356,34.3,Male,Off,Scleral CL,1Y,False,False,included
PLSR0121,PLSP0090,29,1,439.0,60.0,56.55,-9.0,-3.0,0,0.096910013008057,0.096910013008057,56.9,0.0,57.7,Male,Off,RGP,1Y,False,False,included
PLSR0122,PLSP0090,32,1,457.0,57.3,55.6,-9.5,-2.0,1,0.39794000867204,0.30102999566398,58.1,0.30102999566398,15.466666666666669,Male,Off,RGP,1Y,False,False,included
PLSR0123,PLSP0091,27,0,429.0,53.6,52.0,-7.5,-5.0,0,0.39794000867204,,,,0.8333333333333334,Female,Off,RGP,1Y,False,False,missing nominal one-year outcome
PLSR0124,PLSP0092,24,0,487.0,57.4,44.6,-6.4,-3.75,0,0.30102999566398,0.221848749616356,50.0,0.30102999566398,80.43333333333334,Female,Off,RGP,1Y,False,False,included
PLSR0125,PLSP0092,27,0,410.0,56.4,52.35,-19.25,-4.5,0,0.522878745280338,0.698970004336019,66.7,1.30102999566398,54.73333333333333,Female,Off,RGP,1Y,False,False,included
PLSR0126,PLSP0093,26,1,450.0,49.6,46.7,-0.87,-2.75,0,0.173925197299174,,47.4,0.173925197299174,23.466666666666665,Male,Off,Spectacles,1Y,False,False,missing nominal one-year outcome
PLSR0127,PLSP0093,27,1,441.0,51.0,47.2,-1.5,-2.75,0,0.096910013008057,0.096910013008057,52.9,0.096910013008057,15.066666666666666,Male,Off,Spectacles,1Y,False,False,included
PLSR0128,PLSP0094,27,1,471.0,54.7,46.25,-1.25,-4.5,0,0.30102999566398,0.30102999566398,55.5,0.30102999566398,43.53333333333333,Male,Off,Spectacles,1Y,False,False,included
PLSR0129,PLSP0095,33,0,471.0,53.8,45.45,-1.13,-2.25,0,0.096910013008057,0.045757490560676,50.0,0.154901959985743,93.1,Female,Off,Spectacles,1Y,False,False,included
PLSR0130,PLSP0096,35,0,422.0,53.0,51.1,-3.5,-5.0,0,0.481486060122112,0.221848749616356,52.8,0.30102999566398,45.1,Female,Off,Hybrid CL,1Y,False,False,included
PLSR0131,PLSP0097,33,0,420.0,52.7,48.95,-1.5,-5.0,0,0.769551078621726,0.30102999566398,48.0,0.39794000867204,36.56666666666667,Female,Off,Spectacles,1Y,False,False,included
PLSR0132,PLSP0098,21,1,470.0,52.0,48.85,-3.25,-5.0,0,0.154901959985743,0.096910013008057,52.1,0.096910013008057,78.4,Male,Off,Spectacles,1Y,False,False,included
PLSR0133,PLSP0099,20,0,381.0,59.8,54.8,-1.25,-9.0,0,0.30102999566398,0.39794000867204,58.1,0.39794000867204,6.3,Female,Off,Spectacles,1Y,False,False,included
PLSR0134,PLSP0100,36,0,423.0,52.1,46.400000000000006,-3.0,-5.0,0,0.60205999132796,0.30102999566398,50.0,0.221848749616356,49.93333333333333,Female,Off,Piggy back,1Y,False,False,included
PLSR0135,PLSP0100,37,0,362.0,61.5,59.6,-7.0,-10.0,1,1.30102999566398,0.698970004336019,61.9,0.903089986991944,40.36666666666667,Female,Off,Piggy back,1Y,False,False,included
PLSR0136,PLSP0101,33,1,479.0,49.1,44.05,-6.75,-5.0,0,0.180456064458131,0.096910013008057,46.7,0.096910013008057,12.5,Male,Off,Soft CL,1Y,False,False,included
PLSR0137,PLSP0102,29,1,462.0,51.2,44.6,-3.0,-6.0,0,0.180456064458131,0.30102999566398,48.9,0.30102999566398,18.433333333333334,Male,Off,Spectacles,1Y,False,False,included
PLSR0138,PLSP0103,23,1,489.0,45.9,41.650000000000006,-2.12,-1.75,0,0.180456064458131,0.096910013008057,47.8,0.096910013008057,58.73333333333333,Male,Off,Spectacles,1Y,False,False,included
PLSR0139,PLSP0103,24,1,500.0,43.6,40.400000000000006,0.25,-1.0,1,0.0,0.0,43.1,0.0,45.06666666666667,Male,Off,Spectacles,1Y,False,False,included
PLSR0140,PLSP0104,31,1,485.0,55.1,50.75,-5.0,-4.5,0,0.221848749616356,,,0.221848749616356,37.93333333333333,Male,Off,Spectacles,1Y,False,False,missing nominal one-year outcome
PLSR0141,PLSP0105,21,1,482.0,52.3,46.35,0.0,-3.0,0,0.39794000867204,0.221848749616356,50.9,0.221848749616356,26.066666666666663,Male,Off,Spectacles,1Y,False,False,included
PLSR0142,PLSP0106,35,1,442.0,58.3,54.45,-15.5,-2.0,0,0.096910013008057,0.154901959985743,57.1,0.154901959985743,70.1,Male,Off,RGP,1Y,False,False,included
PLSR0143,PLSP0107,21,0,453.0,49.1,45.5,-4.75,-3.5,0,0.30102999566398,,,,6.666666666666667,Female,Off,Spectacles,1Y,False,False,missing nominal one-year outcome
PLSR0144,PLSP0108,21,1,487.0,54.6,48.45,-5.0,-4.0,0,0.221848749616356,0.221848749616356,49.3,0.30102999566398,39.7,Male,Off,Spectacles,1Y,False,False,included
PLSR0145,PLSP0108,22,1,449.0,53.8,50.45,-2.5,-7.0,1,0.39794000867204,0.39794000867204,53.8,0.522878745280338,33.233333333333334,Male,Off,Spectacles,1Y,False,False,included
PLSR0146,PLSP0109,30,0,430.0,53.1,48.85,-3.25,-4.5,0,0.221848749616356,0.154901959985743,54.1,0.221848749616356,63.46666666666667,Female,Off,Soft CL,1Y,False,False,included
PLSR0147,PLSP0109,32,0,448.0,50.6,47.7,-2.75,-5.5,1,0.154901959985743,0.30102999566398,54.0,0.30102999566398,28.6,Female,Off,Soft CL,1Y,False,False,included
PLSR0148,PLSP0110,18,1,498.0,47.3,44.15,0.0,-1.5,0,0.39794000867204,0.221848749616356,47.5,0.096910013008057,64.2,Male,Off,Spectacles,1Y,False,False,included
PLSR0149,PLSP0111,19,0,482.0,55.2,53.150000000000006,-2.0,-4.0,0,0.60205999132796,,52.5,,14.666666666666666,Female,Off,Spectacles,1Y,False,False,missing nominal one-year outcome
PLSR0150,PLSP0111,20,0,498.0,50.0,47.95,-2.5,-3.0,0,0.221848749616356,,,,0.0,Female,Off,Spectacles,1Y,False,False,missing nominal one-year outcome
PLSR0151,PLSP0112,30,1,477.0,49.1,44.75,-3.75,-6.0,0,0.154901959985743,0.173925197299174,50.0,0.154901959985743,44.4,Male,Off,Spectacles,1Y,False,False,included
PLSR0152,PLSP0112,34,1,488.0,52.2,46.8,-0.75,-4.5,1,0.221848749616356,,,,0.9333333333333332,Male,Off,Spectacles,1Y,False,False,missing nominal one-year outcome
PLSR0153,PLSP0113,30,1,447.0,41.8,38.85,0.5,-5.0,0,0.096910013008057,0.096910013008057,41.8,0.096910013008057,37.3,Male,Off,Spectacles,1Y,False,False,included
PLSR0154,PLSP0113,32,1,441.0,46.7,43.55,-0.5,-4.0,1,0.096910013008057,0.096910013008057,45.8,0.096910013008057,30.1,Male,Off,Spectacles,1Y,False,False,included
PLSR0155,PLSP0114,21,1,444.0,49.3,45.05,-1.75,-3.5,0,0.30102999566398,0.096910013008057,48.6,0.154901959985743,44.8,Male,Off,Spectacles,1Y,False,False,included
PLSR0156,PLSP0114,23,1,470.0,45.4,43.5,0.5,0.0,1,0.0,0.0,44.6,0.0,19.9,Male,On, ,1Y,False,False,included
PLSR0157,PLSP0115,29,1,334.0,62.5,60.1,,,0,0.096910013008057,0.173925197299174,62.4,0.522878745280338,54.03333333333333,Male,Off, ,1Y,False,False,included
PLSR0158,PLSP0116,19,0,463.0,51.7,48.2,-2.75,-4.5,0,0.481486060122112,0.30102999566398,51.1,0.39794000867204,32.9,Female,Off,Spectacles,1Y,False,False,included
PLSR0159,PLSP0116,19,0,462.0,49.4,46.65,-1.75,-3.5,0,0.30102999566398,,48.4,0.221848749616356,20.066666666666663,Female,Off,Spectacles,1Y,False,False,missing nominal one-year outcome
PLSR0160,PLSP0117,22,1,452.0,57.9,50.0,-1.25,-5.5,0,0.30102999566398,,,0.096910013008057,58.03333333333333,Male,Off,Spectacles,1Y,False,False,missing nominal one-year outcome
PLSR0161,PLSP0118,24,1,390.0,50.7,47.35,-1.87,-3.25,0,0.180456064458131,0.173925197299174,49.3,0.045757490560676,49.7,Male,Off,Spectacles,1Y,False,False,included
PLSR0162,PLSP0118,27,1,395.0,50.1,44.6,-0.5,-2.0,1,0.154901959985743,,,,12.366666666666667,Male,Off,Spectacles,1Y,False,False,missing nominal one-year outcome
PLSR0163,PLSP0119,38,1,469.0,54.8,50.400000000000006,-0.87,-0.75,0,0.045757490560676,0.045757490560676,47.5,0.221848749616356,46.56666666666667,Male,Off,Spectacles,1Y,False,False,included
PLSR0164,PLSP0120,28,0,455.0,58.0,51.150000000000006,-4.5,-4.0,0,0.39794000867204,0.30102999566398,58.0,0.221848749616356,50.36666666666667,Female,Off,Soft CL,1Y,False,False,included
PLSR0165,PLSP0120,30,0,502.0,48.5,45.900000000000006,-7.75,-2.5,1,0.045757490560676,0.0,48.4,0.045757490560676,27.366666666666667,Female,On,Soft CL,1Y,False,False,included
PLSR0166,PLSP0121,26,1,376.0,66.8,62.45,-7.0,-6.0,0,0.30102999566398,,,0.698970004336019,53.66666666666666,Male,Off,Scleral CL,1Y,False,False,missing nominal one-year outcome
PLSR0167,PLSP0121,28,1,451.0,55.6,49.05,0.5,-2.5,1,0.30102999566398,0.221848749616356,58.2,0.221848749616356,25.03333333333333,Male, ,Scleral CL,1Y,False,False,included
PLSR0168,PLSP0122,26,1,399.0,67.0,59.4,3.6,-8.25,0,0.39794000867204,0.698970004336019,60.6,0.903089986991944,40.96666666666667,Male,Off,Spectacles,1Y,False,False,included
PLSR0169,PLSP0123,35,1,361.0,56.9,51.150000000000006,-12.0,-8.0,0,0.39794000867204,0.39794000867204,53.4,0.522878745280338,42.23333333333333,Male,Off,Soft CL,1Y,False,False,included
PLSR0170,PLSP0123,37,1,454.0,48.5,43.3,-10.0,-8.0,1,0.221848749616356,0.221848749616356,47.7,0.221848749616356,20.066666666666663,Male,Off,Soft CL,1Y,False,False,included
PLSR0171,PLSP0124,21,1,455.0,52.0,46.5,-1.5,-4.5,0,0.096910013008057,,,0.045757490560676,53.46666666666667,Male,Off,RGP,1Y,False,False,missing nominal one-year outcome
PLSR0172,PLSP0124,23,1,458.0,53.1,46.75,-1.25,-4.5,1,0.30102999566398,0.096910013008057,51.6,0.096910013008057,28.83333333333333,Male,Off,RGP,1Y,False,False,included
PLSR0173,PLSP0125,19,1,430.0,59.0,53.45,-7.25,-4.5,0,0.481486060122112,,56.1,0.522878745280338,20.066666666666663,Male,Off,Piggy back,1Y,False,False,missing nominal one-year outcome
PLSR0174,PLSP0126,26,0,408.0,66.9,60.7,,,0,0.39794000867204,0.39794000867204,66.2,0.698970004336019,27.966666666666665,Female,Off, ,1Y,False,False,included
PLSR0175,PLSP0126,28,0,460.0,51.9,46.6,-9.5,-2.0,1,0.221848749616356,0.30102999566398,53.6,0.30102999566398,13.166666666666666,Female,On, ,1Y,False,False,included
PLSR0176,PLSP0127,25,0,420.0,52.1,46.15,0.25,-3.5,0,0.30102999566398,,,,-0.9666666666666668,Female,Off,Spectacles,1Y,False,False,negative source last-followup metadata
PLSR0177,PLSP0128,25,1,432.0,50.2,45.2,0.5,-2.0,0,0.173925197299174,,,,-21.966666666666665,Male,Off,Spectacles,1Y,False,False,negative source last-followup metadata
PLSR0178,PLSP0129,23,1,441.0,61.4,56.2,-3.87,-3.75,0,0.173925197299174,0.173925197299174,58.1,0.173925197299174,19.73333333333333,Male,Off,Spectacles,1Y,False,False,included
PLSR0179,PLSP0130,23,1,464.0,55.3,49.25,,,0,0.30102999566398,0.30102999566398,53.5,0.221848749616356,42.833333333333336,Male,Off,Spectacles,1Y,False,False,included
PLSR0180,PLSP0130,25,1,523.0,47.0,44.7,-0.625,-2.25,1,0.096910013008057,0.096910013008057,47.8,0.096910013008057,14.6,Male,On,Spectacles,1Y,False,False,included
PLSR0181,PLSP0131,18,1,351.0,67.6,62.8,,,0,0.698970004336019,0.698970004336019,62.9,0.903089986991944,46.1,Male,Off,Hybrid CL,1Y,False,False,included
PLSR0182,PLSP0131,20,1,457.0,53.2,49.85,-4.0,-6.0,1,0.30102999566398,0.30102999566398,51.7,0.30102999566398,27.466666666666665,Male,Off,Hybrid CL,1Y,False,False,included
PLSR0183,PLSP0132,24,0,432.0,54.3,49.7,-3.0,-6.0,0,0.30102999566398,,,,0.9333333333333332,Female,Off,Spectacles,1Y,False,False,missing nominal one-year outcome
PLSR0184,PLSP0133,27,1,375.0,63.6,61.2,1.25,-5.0,0,0.522878745280338,0.522878745280338,58.6,0.522878745280338,43.9,Male,Off,Spectacles,1Y,False,False,included
PLSR0185,PLSP0133,28,1,412.0,55.8,49.75,0.0,-12.0,1,0.30102999566398,0.30102999566398,53.8,0.221848749616356,31.53333333333333,Male,Off,Spectacles,1Y,False,False,included
PLSR0186,PLSP0134,18,1,429.0,46.1,44.6,-0.25,-3.5,0,0.173925197299174,0.096910013008057,42.8,0.39794000867204,32.166666666666664,Male,Off,Spectacles,1Y,False,False,included
PLSR0187,PLSP0135,33,0,448.0,49.5,45.25,,,0,,,46.4,,14.566666666666666,Female,Off, ,1Y,False,False,missing nominal one-year outcome
PLSR0188,PLSP0136,33,1,420.0,58.6,51.45,-2.0,-3.0,0,0.30102999566398,0.221848749616356,55.3,0.30102999566398,24.266666666666666,Male,Off,Spectacles,1Y,False,False,included
PLSR0189,PLSP0137,21,1,462.0,52.2,49.1,-3.75,-5.5,0,0.39794000867204,0.30102999566398,51.1,0.221848749616356,42.93333333333333,Male,Off,Spectacles,1Y,False,False,included
PLSR0190,PLSP0137,24,1,435.0,52.9,48.4,-1.75,-7.5,1,0.221848749616356,,,,-1397.4666666666667,Male,Off,Spectacles,1Y,False,False,negative source last-followup metadata
PLSR0191,PLSP0138,25,1,417.0,67.4,59.7,-3.0,-2.0,0,0.522878745280338,0.39794000867204,68.3,0.522878745280338,23.33333333333333,Male,Off,Soft CL,1Y,False,False,included
PLSR0192,PLSP0139,35,1,435.0,60.3,55.55,-3.0,-8.0,0,0.30102999566398,0.39794000867204,57.9,0.39794000867204,14.3,Male,Off,Spectacles,1Y,False,False,included
PLSR0193,PLSP0139,36,1,480.0,49.4,46.1,-1.75,-4.5,1,0.045757490560676,,,,3.6666666666666665,Male,On,Spectacles,1Y,False,False,missing nominal one-year outcome
PLSR0194,PLSP0140,22,1,505.0,52.9,47.7,-1.5,-4.5,0,0.30102999566398,0.154901959985743,,0.154901959985743,27.53333333333333,Male,Off,Spectacles,1Y,False,False,included
PLSR0195,PLSP0141,22,1,401.0,59.8,52.05,-3.0,-6.0,0,0.30102999566398,0.154901959985743,60.1,0.154901959985743,72.56666666666666,Male,Off,Spectacles,1Y,False,False,included
PLSR0196,PLSP0141,23,1,486.0,45.7,44.900000000000006,-1.0,-0.5,1,0.0,0.045757490560676,46.7,0.0,64.5,Male,On,Spectacles,1Y,False,False,included
PLSR0197,PLSP0142,21,0,455.0,50.7,46.4,-0.12,-0.75,0,0.173925197299174,0.173925197299174,50.6,0.173925197299174,26.066666666666663,Female,Off,Spectacles,1Y,False,False,included
PLSR0198,PLSP0143,29,1,407.0,50.6,48.650000000000006,-4.25,-1.5,0,0.221848749616356,0.173925197299174,50.6,0.154901959985743,73.13333333333334,Male,Off,RGP,1Y,False,False,included
PLSR0199,PLSP0144,39,1,,46.8,41.55,-1.4,-2.75,0,0.045757490560676,,46.3,0.096910013008057,25.2,Male,Off,Spectacles,1Y,False,False,missing nominal one-year outcome
PLSR0200,PLSP0145,30,0,406.0,57.0,53.2,-1.5,-6.0,0,1.0,0.522878745280338,53.4,0.221848749616356,51.266666666666666,Female,Off,Spectacles,1Y,False,False,included
PLSR0201,PLSP0146,20,1,468.0,54.2,50.3,,,0,0.30102999566398,,,,5.0,Male,Off,RGP,1Y,False,False,missing nominal one-year outcome
PLSR0202,PLSP0147,31,0,462.0,58.6,51.5,0.0,-8.0,0,0.221848749616356,,56.0,0.173925197299174,18.366666666666667,Female,Off,Spectacles,1Y,False,False,missing nominal one-year outcome
PLSR0203,PLSP0147,32,0,500.0,48.1,45.45,0.25,-4.5,1,0.096910013008057,0.096910013008057,50.6,0.096910013008057,9.833333333333334,Female,On,Spectacles,1Y,False,False,included
PLSR0204,PLSP0148,20,0,407.0,49.8,45.25,-3.62,-3.25,1,0.173925197299174,0.173925197299174,52.8,0.096910013008057,27.53333333333333,Female,Off,Spectacles,1Y,False,False,included
PLSR0205,PLSP0148,20,0,411.0,50.9,46.85,-3.6,-3.25,1,0.096910013008057,0.096910013008057,49.0,0.096910013008057,18.466666666666665,Female,Off,Spectacles,1Y,False,False,included
PLSR0206,PLSP0149,23,1,413.0,56.6,52.0,-0.25,-1.5,0,0.221848749616356,0.154901959985743,53.4,0.154901959985743,39.9,Male,Off,Spectacles,1Y,False,False,included
PLSR0207,PLSP0149,25,1,401.0,57.5,54.400000000000006,-0.25,-5.5,1,0.30102999566398,0.30102999566398,54.8,0.30102999566398,22.83333333333333,Male,Off,RGP,1Y,False,False,included
PLSR0208,PLSP0150,36,0,389.0,59.3,53.9,0.25,-8.5,1,0.154901959985743,0.30102999566398,56.2,0.30102999566398,30.2,Female,Off,Spectacles,1Y,False,False,included
PLSR0209,PLSP0150,37,0,415.0,49.8,46.25,-0.13,-1.75,1,0.154901959985743,0.154901959985743,50.3,0.154901959985743,16.3,Female,Off,Spectacles,1Y,False,False,included
PLSR0210,PLSP0151,31,0,429.0,63.7,59.900000000000006,-12.75,-4.5,0,0.698970004336019,0.096910013008057,63.3,0.698970004336019,26.73333333333333,Female,Off,RGP,1Y,False,False,included
PLSR0211,PLSP0151,32,0,417.0,63.4,60.0,-13.0,-2.0,1,0.39794000867204,0.522878745280338,63.8,0.522878745280338,11.533333333333331,Female,Off,RGP,1Y,False,False,included
PLSR0212,PLSP0152,33,1,381.0,59.3,52.5,1.0,-6.0,1,0.221848749616356,0.30102999566398,54.0,0.30102999566398,13.633333333333333,Male,Off,Spectacles,1Y,False,False,included
PLSR0213,PLSP0153,23,1,365.0,58.1,52.8,-1.5,-6.0,0,0.30102999566398,0.522878745280338,60.2,0.30102999566398,41.23333333333333,Male,Off,Spectacles,1Y,False,False,included
PLSR0214,PLSP0153,23,1,389.0,54.5,48.95,-1.0,-4.0,1,0.30102999566398,0.221848749616356,53.7,0.30102999566398,38.06666666666667,Male,Off,Spectacles,1Y,False,False,included
PLSR0215,PLSP0154,31,1,431.0,58.7,53.45,-1.25,-2.5,0,0.522878745280338,,,,0.0,Male,On,Spectacles,1Y,False,False,missing nominal one-year outcome
PLSR0216,PLSP0155,18,1,397.0,60.3,53.75,-1.0,-4.0,0,0.096910013008057,,,,7.833333333333333,Male,Off,Spectacles,1Y,False,False,missing nominal one-year outcome
PLSR0217,PLSP0155,18,1,433.0,51.7,47.75,-1.63,-4.75,1,0.096910013008057,,,,0.9333333333333332,Male,Off,Spectacles,1Y,False,False,missing nominal one-year outcome
PLSR0218,PLSP0156,28,0,453.0,55.6,52.3,-1.5,-5.0,1,0.522878745280338,0.30102999566398,54.4,0.221848749616356,58.333333333333336,Female,Off,Soft CL,1Y,False,False,included
PLSR0219,PLSP0156,28,0,492.0,49.1,44.400000000000006,-0.25,-2.0,1,0.096910013008057,0.045757490560676,50.3,0.0,50.16666666666666,Female,On,Spectacles,1Y,False,False,included
PLSR0220,PLSP0157,18,1,426.0,58.2,50.400000000000006,,,0,0.30102999566398,0.221848749616356,56.2,0.30102999566398,35.03333333333333,Male,Off, ,1Y,False,False,included
PLSR0221,PLSP0158,27,1,454.0,52.9,49.1,-6.67,-1.25,0,0.30102999566398,,,,2.333333333333333,Male,Off,RGP,1Y,False,False,missing nominal one-year outcome
PLSR0222,PLSP0159,25,0,359.0,58.0,52.05,-1.25,-5.5,1,0.30102999566398,0.30102999566398,61.6,1.0,66.53333333333333,Female,Off,RGP,1Y,False,False,included
PLSR0223,PLSP0159,25,0,456.0,50.8,46.1,-0.37,-1.75,1,0.154901959985743,0.154901959985743,49.8,0.045757490560676,56.06666666666667,Female,On,RGP,1Y,False,False,included
PLSR0224,PLSP0160,20,1,408.0,51.7,46.2,-2.9,-0.75,0,0.39794000867204,,,,5.133333333333334,Male,Off,Spectacles,1Y,False,False,missing nominal one-year outcome
PLSR0225,PLSP0160,21,1,453.0,47.9,43.7,-0.4,-0.75,1,0.173925197299174,,,,0.0,Male,On,Spectacles,1Y,False,False,missing nominal one-year outcome
PLSR0226,PLSP0161,21,0,419.0,61.3,55.1,-2.0,-9.0,0,0.769551078621726,0.522878745280338,57.2,0.60205999132796,54.833333333333336,Female,Off,No correction,1Y,False,False,included
PLSR0227,PLSP0161,22,0,425.0,58.0,52.3,-0.5,-8.0,1,0.769551078621726,,,0.30102999566398,47.6,Female,Off,No correction,1Y,False,False,missing nominal one-year outcome
PLSR0228,PLSP0162,30,1,423.0,60.2,56.1,,,0,0.522878745280338,1.0,58.5,0.522878745280338,36.66666666666666,Male,Off,Piggy back,1Y,False,False,included
PLSR0229,PLSP0162,30,1,420.0,56.8,53.6,,,1,0.096910013008057,0.096910013008057,55.9,0.522878745280338,34.1,Male,Off,Piggy back,1Y,False,False,included
PLSR0230,PLSP0163,40,0,332.0,59.9,56.2,,,0,1.0,0.30102999566398,,0.221848749616356,25.1,Female, ,RGP,1Y,False,False,included
PLSR0231,PLSP0163,42,0,443.0,56.1,54.25,-12.0,-4.0,1,0.154901959985743,,,,2.333333333333333,Female,Off,RGP,1Y,False,False,missing nominal one-year outcome
PLSR0232,PLSP0164,30,1,302.0,60.2,57.75,-9.75,-7.5,1,0.522878745280338,0.522878745280338,59.3,0.522878745280338,30.566666666666663,Male,Off,Spectacles,1Y,False,False,included
PLSR0233,PLSP0165,19,1,518.0,48.7,44.05,0.25,-0.5,1,0.0,0.045757490560676,47.4,0.045757490560676,24.03333333333333,Male,On,Spectacles,1Y,False,False,included
PLSR0234,PLSP0166,19,1,466.0,49.8,44.85,-1.25,-2.5,0,0.221848749616356,0.096910013008057,46.8,0.096910013008057,36.4,Male,Off,Spectacles,1Y,False,False,included
PLSR0235,PLSP0166,20,1,452.0,46.9,43.85,-0.5,-3.25,1,0.221848749616356,,47.1,0.0,24.73333333333333,Male,On,Spectacles,1Y,False,False,missing nominal one-year outcome
PLSR0236,PLSP0167,18,1,492.0,50.8,44.65,-5.5,-4.5,0,0.045757490560676,0.096910013008057,48.4,0.096910013008057,50.43333333333333,Male,Off,Spectacles,1Y,False,False,included
PLSR0237,PLSP0167,19,1,499.0,50.8,45.9,-2.0,-4.0,1,0.221848749616356,,,0.096910013008057,43.7,Male,Off,Spectacles,1Y,False,False,missing nominal one-year outcome
PLSR0238,PLSP0168,30,1,518.0,50.7,44.85,,,0,,0.0,49.6,0.154901959985743,49.766666666666666,Male,Off,Spectacles,1Y,False,False,missing baseline predictor
PLSR0239,PLSP0169,21,1,453.0,49.5,45.55,-0.4,-0.75,1,0.096910013008057,0.045757490560676,47.7,0.0,34.53333333333333,Male,Off,Spectacles,1Y,False,False,included
PLSR0240,PLSP0170,36,1,491.0,58.6,54.1,-1.75,-10.0,0,0.30102999566398,,,,0.7,Male,Off,Spectacles,1Y,False,False,missing nominal one-year outcome
PLSR0241,PLSP0171,22,1,472.0,56.4,45.3,-0.5,-3.0,0,0.221848749616356,,51.2,0.045757490560676,86.96666666666667,Male,Off,Spectacles,1Y,False,False,missing nominal one-year outcome
PLSR0242,PLSP0172,19,0,526.0,44.0,42.75,-2.25,-0.5,1,0.045757490560676,,45.2,0.0,37.36666666666667,Female,On,Spectacles,1Y,False,False,missing nominal one-year outcome
PLSR0243,PLSP0172,22,0,482.0,48.1,43.95,-2.25,-0.5,1,0.0,,,,8.0,Female,Off,Spectacles,1Y,False,False,missing nominal one-year outcome
PLSR0244,PLSP0173,19,1,,50.6,46.55,-2.0,-6.0,1,0.39794000867204,0.39794000867204,52.1,0.39794000867204,29.5,Male,On,No correction,1Y,False,False,missing baseline predictor
PLSR0245,PLSP0173,19,1,,50.1,47.8,-0.5,-4.0,1,0.30102999566398,0.39794000867204,49.3,0.522878745280338,24.266666666666666,Male,On,No correction,1Y,False,False,missing baseline predictor
PLSR0246,PLSP0174,24,0,476.0,51.9,49.05,-0.5,-3.0,0,0.096910013008057,,,0.154901959985743,31.266666666666666,Female,Off,Spectacles,1Y,False,False,missing nominal one-year outcome
PLSR0247,PLSP0175,36,1,305.0,63.1,58.05,0.0,-6.0,1,0.30102999566398,,,,2.966666666666667,Male,Off,RGP,1Y,False,False,missing nominal one-year outcome
PLSR0248,PLSP0176,26,0,466.0,50.7,47.150000000000006,-0.5,-1.0,1,0.30102999566398,0.173925197299174,45.1,0.096910013008057,33.46666666666667,Female,Off,Scleral CL,1Y,False,False,included
PLSR0249,PLSP0176,26,0,454.0,51.5,47.05,1.75,-4.0,1,0.481486060122112,0.173925197299174,50.0,0.096910013008057,31.1,Female,Off,Scleral CL,1Y,False,False,included
PLSR0250,PLSP0177,20,1,456.0,50.0,46.25,0.0,-5.0,1,0.30102999566398,,49.6,,21.7,Male,Off,No correction,1Y,False,False,missing nominal one-year outcome
PLSR0251,PLSP0178,38,0,441.0,51.3,48.15,-3.12,-2.25,1,0.30102999566398,0.221848749616356,50.3,0.221848749616356,12.5,Female,Off,Spectacles,1Y,False,False,included
PLSR0252,PLSP0179,22,0,447.0,53.8,49.7,-0.25,-2.5,1,0.173925197299174,,,,1.0666666666666669,Female,Off, ,1Y,False,False,missing nominal one-year outcome
PLSR0253,PLSP0180,20,1,389.0,64.2,58.5,-0.5,-7.0,1,0.481486060122112,,57.6,0.30102999566398,37.56666666666667,Male,Off,No correction,1Y,False,False,missing nominal one-year outcome
PLSR0254,PLSP0181,23,1,460.0,54.6,51.05,-6.75,-5.5,1,0.39794000867204,,57.5,0.39794000867204,34.06666666666667,Male,Off,RGP,1Y,False,False,missing nominal one-year outcome
PLSR0255,PLSP0182,28,1,367.0,66.1,61.5,-6.5,-7.0,1,0.173925197299174,1.0,64.2,0.903089986991944,30.7,Male,Off,Hybrid CL,1Y,False,False,included
PLSR0256,PLSP0182,28,1,382.0,60.6,56.4,-6.75,-5.5,1,0.173925197299174,0.522878745280338,59.1,0.39794000867204,22.3,Male,Off,Scleral CL,1Y,False,False,included
PLSR0257,PLSP0183,22,1,438.0,56.6,53.05,-3.5,-4.0,1,0.522878745280338,0.698970004336019,54.7,0.698970004336019,31.73333333333333,Male,Off,RGP,1Y,False,False,included
PLSR0258,PLSP0183,22,1,475.0,52.3,46.5,3.25,-2.5,1,0.221848749616356,0.154901959985743,52.2,0.154901959985743,4.6,Male,Off,No correction,1Y,False,False,included
PLSR0259,PLSP0184,25,1,439.0,48.7,43.7,0.5,-3.5,1,0.096910013008057,0.173925197299174,48.3,0.096910013008057,57.43333333333333,Male,Off,Spectacles,1Y,False,False,included
PLSR0260,PLSP0184,28,1,499.0,43.8,42.7,0.0,0.0,1,0.0,,,0.0,21.83333333333333,Male,On,No correction,1Y,False,False,missing nominal one-year outcome
PLSR0261,PLSP0185,35,1,330.0,68.2,62.75,0.5,-5.75,1,0.096910013008057,,,,35.733333333333334,Male,Off,Scleral CL,1Y,False,False,missing nominal one-year outcome
PLSR0262,PLSP0186,27,0,410.0,52.1,47.65,-3.25,-4.5,1,0.154901959985743,,,0.154901959985743,27.2,Female,Off,Miniscleral,1Y,False,False,missing nominal one-year outcome
PLSR0263,PLSP0187,65,0,438.0,48.9,44.85,-0.75,-2.5,1,0.221848749616356,0.30102999566398,52.3,0.30102999566398,16.266666666666666,Female,On,Soft CL,1Y,False,False,included
PLSR0264,PLSP0188,36,1,541.0,50.2,46.650000000000006,,,1,1.0,,,,7.0,Male,Off, ,1Y,False,False,missing nominal one-year outcome
PLSR0265,PLSP0189,25,1,447.0,59.5,53.25,0.0,-6.0,1,0.30102999566398,0.221848749616356,55.4,0.154901959985743,37.0,Male,Off,Spectacles,1Y,False,False,included
PLSR0266,PLSP0189,25,1,470.0,49.9,44.8,-0.25,-0.5,1,0.154901959985743,0.045757490560676,49.5,0.154901959985743,36.53333333333333,Male,On,Spectacles,1Y,False,False,included
PLSR0267,PLSP0190,37,1,450.0,51.4,46.55,-1.25,-5.5,1,0.173925197299174,0.173925197299174,50.6,0.096910013008057,31.73333333333333,Male,Off,Spectacles,1Y,False,False,included
PLSR0268,PLSP0191,33,0,421.0,54.9,49.3,-2.5,-7.0,1,0.173925197299174,0.096910013008057,52.9,0.096910013008057,16.3,Female,On,Spectacles,1Y,False,False,included
PLSR0269,PLSP0192,23,1,497.0,51.8,47.85,-1.25,-6.0,1,0.221848749616356,0.30102999566398,53.5,0.154901959985743,55.43333333333333,Male,On,Spectacles,1Y,False,False,included
PLSR0270,PLSP0193,26,0,393.0,62.3,57.1,2.5,-8.0,1,0.30102999566398,,61.0,,41.7,Female,Off,RGP,1Y,False,False,missing nominal one-year outcome
PLSR0271,PLSP0194,23,1,388.0,56.9,53.3,-3.5,-8.5,1,0.30102999566398,0.30102999566398,59.5,0.096910013008057,21.366666666666667,Male,Off,Spectacles,1Y,False,False,included
PLSR0272,PLSP0194,23,1,394.0,60.3,55.7,-3.0,-9.0,1,0.30102999566398,0.154901959985743,59.0,0.154901959985743,21.23333333333333,Male,Off,Spectacles,1Y,False,False,included
PLSR0273,PLSP0195,33,0,457.0,48.5,43.400000000000006,-3.75,-5.0,1,0.096910013008057,0.154901959985743,49.9,0.30102999566398,26.133333333333333,Female,On,Soft CL,1Y,False,False,included
PLSR0274,PLSP0195,33,0,465.0,48.6,43.2,-3.5,-4.0,1,0.045757490560676,0.045757490560676,49.1,0.0,22.4,Female,On,Soft CL,1Y,False,False,included
PLSR0275,PLSP0196,29,0,484.0,53.2,50.150000000000006,-1.25,-5.5,1,0.522878745280338,,54.9,0.30102999566398,30.9,Female,Off,No correction,1Y,False,False,missing nominal one-year outcome
PLSR0276,PLSP0197,26,1,383.0,65.5,59.3,-1.0,-10.0,1,0.522878745280338,0.30102999566398,64.4,0.30102999566398,17.133333333333333,Male,Off,RGP,1Y,False,False,included
PLSR0277,PLSP0198,24,1,462.0,43.5,42.1,-8.25,-1.5,1,0.096910013008057,0.154901959985743,45.0,0.154901959985743,56.93333333333333,Male,On,Spectacles,1Y,False,False,included
PLSR0278,PLSP0198,24,1,363.0,68.7,62.45,-4.5,-5.0,1,0.698970004336019,0.698970004336019,65.0,0.698970004336019,56.36666666666667,Male,Off,Spectacles,1Y,False,False,included
PLSR0279,PLSP0199,34,0,498.0,48.1,44.8,-6.0,-4.0,1,0.221848749616356,,,,4.9,Female,On,Spectacles,1Y,False,False,missing nominal one-year outcome
PLSR0280,PLSP0200,35,0,422.0,59.1,52.8,0.0,-6.5,1,0.221848749616356,0.39794000867204,57.6,0.39794000867204,30.1,Female,Off,No correction,1Y,False,False,included
PLSR0281,PLSP0200,36,0,441.0,53.0,48.150000000000006,-0.5,-3.5,1,0.221848749616356,0.154901959985743,55.6,0.154901959985743,22.03333333333333,Female,Off,No correction,1Y,False,False,included
PLSR0282,PLSP0201,34,1,444.0,54.4,47.85,-7.5,-10.0,1,0.39794000867204,,,,-1369.4666666666667,Male,On,Scleral CL,1Y,False,False,negative source last-followup metadata
PLSR0283,PLSP0202,23,1,425.0,56.9,52.6,-7.25,-8.0,1,0.30102999566398,,,0.221848749616356,23.566666666666663,Male,Off,Soft CL,1Y,False,False,missing nominal one-year outcome
PLSR0284,PLSP0203,30,1,439.0,47.9,44.15,-2.75,-8.0,1,0.096910013008057,,,,-1367.9,Male,Off,Soft CL,1Y,False,False,negative source last-followup metadata
PLSR0285,PLSP0204,22,0,463.0,54.5,48.8,-1.25,-4.5,1,0.173925197299174,,,,1.4666666666666666,Female,Off,Spectacles,1Y,False,False,missing nominal one-year outcome
PLSR0286,PLSP0205,24,0,418.0,51.1,48.6,-4.0,-4.5,1,0.39794000867204,,,,-3.033333333333333,Female,Off,RGP,1Y,False,False,negative source last-followup metadata
PLSR0287,PLSP0206,31,1,467.0,53.9,48.05,-2.25,-4.5,1,0.045757490560676,,,,-1363.8666666666666,Male,On,Spectacles,1Y,False,False,negative source last-followup metadata
PLSR0288,PLSP0207,26,0,450.0,49.8,44.6,-2.12,-3.25,1,0.221848749616356,0.221848749616356,50.3,0.221848749616356,17.1,Female,On,Spectacles,1Y,False,False,included
PLSR0289,PLSP0207,26,0,474.0,46.0,42.05,-1.37,-1.25,1,0.045757490560676,0.0,47.8,0.0,11.833333333333334,Female,On,Spectacles,1Y,False,False,included
PLSR0290,PLSP0208,23,0,440.0,56.5,50.8,-1.5,-6.0,1,0.221848749616356,0.173925197299174,54.4,0.173925197299174,10.166666666666666,Female,On,RGP,1Y,False,False,included
PLSR0291,PLSP0209,22,1,307.0,62.2,57.45,-8.5,-10.0,1,1.0,,,1.30102999566398,51.46666666666667,Male,Off,Spectacles,1Y,False,False,missing nominal one-year outcome
PLSR0292,PLSP0209,22,1,393.0,60.2,55.1,-13.0,-8.0,1,1.0,0.903089986991944,66.6,0.903089986991944,47.6,Male,Off,Miniscleral,1Y,False,False,included
PLSR0293,PLSP0210,35,0,467.0,51.3,45.75,-7.5,-13.0,1,0.39794000867204,0.39794000867204,49.5,0.30102999566398,20.633333333333333,Female,Off,Scleral CL,1Y,False,False,included
PLSR0294,PLSP0211,30,0,357.0,61.5,57.55,-4.75,-12.5,1,0.39794000867204,0.39794000867204,58.9,0.30102999566398,26.73333333333333,Female,Off,Spectacles,1Y,False,False,included
PLSR0295,PLSP0211,32,0,512.0,54.4,48.95,-2.25,-1.5,1,0.154901959985743,,,,13.033333333333331,Female,On,Spectacles,1Y,False,False,missing nominal one-year outcome
PLSR0296,PLSP0212,19,0,403.0,59.9,53.2,-0.5,-3.0,1,0.173925197299174,0.30102999566398,56.2,0.30102999566398,11.0,Female,Off,Spectacles,1Y,False,False,included
PLSR0297,PLSP0212,20,0,450.0,48.1,43.3,-0.25,-2.0,1,0.045757490560676,,,,-1385.5666666666666,Female,Off,Spectacles,1Y,False,False,negative source last-followup metadata
PLSR0298,PLSP0213,43,0,431.0,51.0,46.150000000000006,1.0,-5.0,1,0.096910013008057,,,,-1364.9333333333334,Female,On, ,1Y,False,False,negative source last-followup metadata
PLSR0299,PLSP0214,24,0,447.0,55.8,51.8,-0.5,-6.0,1,0.221848749616356,0.30102999566398,53.8,0.39794000867204,57.5,Female,Off,Spectacles,1Y,False,False,included
PLSR0300,PLSP0215,22,1,472.0,54.7,49.65,-0.5,-4.5,1,0.173925197299174,,,,6.533333333333333,Male,Off,Spectacles,1Y,False,False,missing nominal one-year outcome
PLSR0301,PLSP0216,23,0,520.0,69.3,63.1,,,1,0.154901959985743,,,,-1371.9,Female,Off,RGP,1Y,False,False,negative source last-followup metadata
PLSR0302,PLSP0217,19,0,434.0,69.3,61.35,-6.0,-10.0,1,0.522878745280338,,,0.698970004336019,41.0,Female,Off,Spectacles,1Y,False,False,missing nominal one-year outcome
PLSR0303,PLSP0218,32,1,429.0,56.0,51.65,-2.5,-4.0,1,0.39794000867204,0.30102999566398,52.6,0.154901959985743,35.7,Male,On,Piggy back,1Y,False,False,included
PLSR0304,PLSP0218,32,1,433.0,50.4,47.8,-2.25,-4.0,1,0.173925197299174,0.096910013008057,49.0,0.096910013008057,33.36666666666667,Male,On,Piggy back,1Y,False,False,included
PLSR0305,PLSP0219,32,1,546.0,45.8,43.05,0.0,-3.5,1,0.221848749616356,0.096910013008057,45.5,0.096910013008057,39.6,Male,On,Spectacles,1Y,False,False,included
PLSR0306,PLSP0220,20,1,451.0,54.6,51.95,-2.25,-9.5,1,0.39794000867204,,,,8.4,Male,Off, ,1Y,False,False,missing nominal one-year outcome
PLSR0307,PLSP0221,19,1,354.0,65.8,59.900000000000006,-1.0,-8.0,1,0.522878745280338,,,,5.733333333333333,Male,Off,No correction,1Y,False,False,missing nominal one-year outcome
PLSR0308,PLSP0221,19,1,308.0,61.4,60.1,-7.0,-8.0,1,1.30102999566398,,,,-1379.3666666666666,Male,Off,RGP,1Y,False,False,negative source last-followup metadata
PLSR0309,PLSP0222,37,1,,51.3,46.75,-2.75,-4.5,1,0.096910013008057,0.096910013008057,50.4,0.096910013008057,48.53333333333333,Male,On,Spectacles,1Y,False,False,missing baseline predictor
PLSR0310,PLSP0223,26,1,425.0,52.8,46.5,-0.5,-6.0,1,0.39794000867204,,,,-1374.7,Male,Off,RGP,1Y,False,False,negative source last-followup metadata
PLSR0311,PLSP0224,21,1,477.0,56.6,52.85,-5.25,-3.5,1,0.30102999566398,0.30102999566398,57.5,0.30102999566398,12.933333333333334,Male,Off,RGP,1Y,False,False,included
PLSR0312,PLSP0225,20,0,421.0,58.0,51.0,-0.25,-4.5,1,0.30102999566398,0.154901959985743,57.6,0.096910013008057,17.6,Female,Off, ,1Y,False,False,included
PLSR0313,PLSP0225,20,0,414.0,64.5,56.8,0.0,-8.0,1,0.522878745280338,0.39794000867204,60.6,0.39794000867204,15.966666666666669,Female,Off, ,1Y,False,False,included
PLSR0314,PLSP0226,26,1,471.0,47.5,44.75,-9.0,-1.0,1,0.096910013008057,,,,5.366666666666666,Male,On,Spectacles,1Y,False,False,missing nominal one-year outcome
PLSR0315,PLSP0227,28,0,451.0,49.8,47.35,-2.13,-1.75,1,0.045757490560676,0.096910013008057,48.7,0.096910013008057,14.833333333333334,Female,On,Spectacles,1Y,False,False,included
PLSR0316,PLSP0228,26,0,421.0,52.4,49.25,-1.13,-6.25,1,0.60205999132796,0.30102999566398,52.6,0.30102999566398,62.93333333333333,Female,Off,Spectacles,1Y,False,False,included
PLSR0317,PLSP0229,29,1,435.0,54.6,47.650000000000006,-4.25,-8.0,1,0.173925197299174,0.096910013008057,53.2,0.096910013008057,27.066666666666663,Male,Off,Miniscleral,1Y,False,False,included
PLSR0318,PLSP0229,30,1,300.0,62.9,56.45,-5.5,-13.0,1,0.522878745280338,0.60205999132796,64.7,0.60205999132796,16.666666666666668,Male,Off,Miniscleral,1Y,False,False,included
PLSR0319,PLSP0230,24,1,453.0,48.2,43.8,0.13,-3.75,1,0.096910013008057,0.154901959985743,46.9,0.154901959985743,13.066666666666666,Male,Off,Spectacles,1Y,False,False,included
PLSR0320,PLSP0231,18,0,499.0,54.5,50.1,-1.5,-3.0,1,0.173925197299174,0.221848749616356,53.8,0.221848749616356,29.266666666666666,Female,On,Spectacles,1Y,False,False,included
PLSR0321,PLSP0231,18,0,498.0,54.3,48.95,-0.25,-2.5,1,0.173925197299174,0.221848749616356,,0.221848749616356,13.4,Female,On,Spectacles,1Y,False,False,included
PLSR0322,PLSP0232,36,0,446.0,55.4,48.95,-4.25,-5.5,1,0.39794000867204,,,0.39794000867204,31.666666666666668,Female,Off, ,1Y,False,False,missing nominal one-year outcome
PLSR0323,PLSP0233,21,1,471.0,52.3,47.55,-0.63,-2.75,1,0.60205999132796,0.30102999566398,51.3,0.221848749616356,40.266666666666666,Male,Off,RGP,1Y,False,False,included
PLSR0324,PLSP0234,26,0,376.0,53.9,47.3,-0.63,-3.75,1,0.39794000867204,0.39794000867204,52.8,0.154901959985743,42.333333333333336,Female,Off,RGP,1Y,False,False,included
PLSR0325,PLSP0235,20,0,401.0,52.1,47.75,-2.0,-4.0,1,0.39794000867204,,,,8.266666666666667,Female,Off,Spectacles,1Y,False,False,missing nominal one-year outcome
PLSR0326,PLSP0235,20,0,442.0,50.5,46.1,-2.25,-1.5,1,0.173925197299174,,,,4.066666666666666,Female,Off,Spectacles,1Y,False,False,missing nominal one-year outcome
PLSR0327,PLSP0236,23,1,,57.1,53.7,,,1,0.221848749616356,,,,-1376.0,Male,Off, ,1Y,False,False,negative source last-followup metadata
PLSR0328,PLSP0237,33,1,421.0,62.2,56.65,0.5,-7.0,1,0.30102999566398,,,0.30102999566398,23.9,Male,Off,RGP,1Y,False,False,missing nominal one-year outcome
PLSR0329,PLSP0237,33,1,443.0,56.4,48.9,0.25,-5.5,1,0.173925197299174,,,0.221848749616356,21.8,Male,Off,RGP,1Y,False,False,missing nominal one-year outcome
PLSR0330,PLSP0238,30,1,515.0,46.4,43.35,0.12,-0.75,1,0.0,,,0.0,28.066666666666663,Male,On,No correction,1Y,False,False,missing nominal one-year outcome
PLSR0331,PLSP0238,30,1,493.0,47.9,42.8,0.37,-3.25,1,0.221848749616356,,,0.045757490560676,25.03333333333333,Male,On,No correction,1Y,False,False,missing nominal one-year outcome
PLSR0332,PLSP0239,37,1,455.0,53.9,48.400000000000006,0.0,-5.5,1,0.173925197299174,,,,-1376.8,Male,On, ,1Y,False,False,negative source last-followup metadata
PLSR0333,PLSP0240,25,1,421.0,52.7,49.25,1.12,-3.25,1,0.173925197299174,,,,7.133333333333334,Male,Off,Spectacles,1Y,False,False,missing nominal one-year outcome
PLSR0334,PLSP0240,25,1,464.0,51.5,47.900000000000006,-0.75,-1.5,1,0.096910013008057,,,,4.433333333333334,Male,On, ,1Y,False,False,missing nominal one-year outcome
PLSR0335,PLSP0241,31,1,488.0,55.9,49.5,-3.0,-5.0,1,0.221848749616356,0.154901959985743,56.9,0.221848749616356,52.266666666666666,Male,On,Soft CL,1Y,False,False,included
PLSR0336,PLSP0241,34,1,445.0,55.9,51.25,-2.5,-5.0,1,0.221848749616356,0.221848749616356,55.4,0.221848749616356,19.0,Male,Off,Sft K,1Y,False,False,included
PLSR0337,PLSP0242,26,1,442.0,49.1,46.2,-1.62,-3.25,1,0.173925197299174,,,,-1377.0333333333333,Male,On,Spectacles,1Y,False,False,negative source last-followup metadata
PLSR0338,PLSP0243,30,1,416.0,64.2,57.15,0.5,-4.0,1,0.481486060122112,0.481486060122112,63.3,0.30102999566398,35.233333333333334,Male,Off,Spectacles,1Y,False,False,included
PLSR0339,PLSP0243,30,1,422.0,62.9,57.150000000000006,0.25,-2.5,1,0.30102999566398,0.30102999566398,61.4,0.30102999566398,31.5,Male,Off,Spectacles,1Y,False,False,included
PLSR0340,PLSP0244,26,0,451.0,55.9,51.900000000000006,-2.5,-8.0,1,0.221848749616356,0.154901959985743,51.7,0.154901959985743,23.8,Female,Off,Soft CL,1Y,False,False,included
PLSR0341,PLSP0245,24,0,459.0,50.8,46.400000000000006,-2.75,-4.0,1,0.173925197299174,,,,3.2666666666666666,Female,Off,Miniscleral,1Y,False,False,missing nominal one-year outcome
PLSR0342,PLSP0246,20,1,,52.9,47.1,0.37,-2.75,1,0.221848749616356,0.154901959985743,48.5,0.154901959985743,24.266666666666666,Male,Off,No correction,1Y,False,False,missing baseline predictor
PLSR0343,PLSP0247,26,1,450.0,47.9,43.8,0.62,-2.75,1,0.096910013008057,0.096910013008057,48.7,0.096910013008057,14.5,Male,Off,Spectacles,1Y,False,False,included
PLSR0344,PLSP0247,27,1,472.0,48.6,45.2,0.5,-3.0,1,0.096910013008057,0.096910013008057,48.6,0.096910013008057,9.933333333333334,Male,Off,Spectacles,1Y,False,False,included
PLSR0345,PLSP0248,31,0,447.0,47.3,45.4,-0.62,-3.25,1,0.221848749616356,,,,-1377.2666666666669,Female,Off,No correction,1Y,False,False,negative source last-followup metadata
PLSR0346,PLSP0249,27,1,466.0,55.1,51.8,-4.0,-6.0,1,0.221848749616356,0.221848749616356,56.2,0.221848749616356,24.6,Male,On,Spectacles,1Y,False,False,source patient has more than two records
PLSR0347,PLSP0249,28,1,546.0,47.9,44.2,-3.875,-1.25,1,0.0,0.0,47.6,0.0,30.33333333333333,Male,On,Spectacles,1Y,False,False,source patient has more than two records
PLSR0348,PLSP0249,29,1,,59.1,55.75,-4.5,-7.5,1,0.221848749616356,0.30102999566398,57.1,0.30102999566398,28.0,Male,Off,Spectacles,1Y,False,False,source patient has more than two records
PLSR0349,PLSP0250,27,1,426.0,54.2,49.65,0.5,-6.0,1,0.221848749616356,0.30102999566398,49.4,0.30102999566398,34.0,Male,Off,RGP,1Y,False,False,included
PLSR0350,PLSP0250,27,1,394.0,58.4,57.45,-4.5,-3.0,1,0.698970004336019,0.522878745280338,54.7,0.522878745280338,29.633333333333333,Male,Off,RGP,1Y,False,False,included
PLSR0351,PLSP0251,24,1,540.0,50.4,47.650000000000006,-4.5,-3.5,1,0.045757490560676,,,,0.0333333333333333,Male,On,Soft CL,1Y,False,False,missing nominal one-year outcome
PLSR0352,PLSP0252,28,1,416.0,68.1,60.25,-3.5,-6.0,1,0.39794000867204,0.30102999566398,64.2,0.154901959985743,53.2,Male,Off,Spectacles,1Y,False,False,included
PLSR0353,PLSP0253,23,1,485.0,47.5,43.7,-6.38,-1.25,1,0.096910013008057,0.0,46.3,0.0,24.633333333333333,Male,Off,Spectacles,1Y,False,False,included
PLSR0354,PLSP0254,25,1,487.0,49.0,43.2,-1.75,-3.5,1,0.045757490560676,,,0.0,29.3,Male,Off,No correction,1Y,False,False,missing nominal one-year outcome
PLSR0355,PLSP0254,28,1,472.0,43.3,42.0,-0.875,-2.75,1,0.096910013008057,,,,-3.033333333333333,Male,Off, ,1Y,False,False,negative source last-followup metadata
PLSR0356,PLSP0255,33,1,434.0,53.3,48.1,-3.75,-7.5,1,0.698970004336019,,55.0,,10.5,Male,Off,RGP,1Y,False,False,missing nominal one-year outcome
PLSR0357,PLSP0256,31,0,401.0,56.3,53.3,1.25,-8.5,1,0.481486060122112,0.481486060122112,55.8,0.481486060122112,13.766666666666667,Female,Off,RGP,1Y,False,False,included
PLSR0358,PLSP0257,39,0,442.0,49.2,43.95,-7.0,-10.0,1,0.39794000867204,0.698970004336019,49.1,0.698970004336019,7.566666666666666,Female,Off,Miniscleral,1Y,False,False,included
PLSR0359,PLSP0258,29,1,488.0,58.0,53.9,,,1,0.698970004336019,,,,-2.1333333333333333,Male,Off,No correction,1Y,False,False,negative source last-followup metadata
PLSR0360,PLSP0259,36,1,397.0,53.2,49.85,-2.5,-8.0,1,0.39794000867204,0.30102999566398,53.4,0.221848749616356,36.8,Male,On,Spectacles,1Y,False,False,included
PLSR0361,PLSP0259,36,1,465.0,51.5,47.1,-5.5,-6.5,1,0.221848749616356,0.221848749616356,49.9,0.221848749616356,31.933333333333334,Male,On,Spectacles,1Y,False,False,included
PLSR0362,PLSP0260,35,1,555.0,49.1,44.2,-0.5,-4.5,1,0.045757490560676,0.045757490560676,49.4,0.045757490560676,30.33333333333333,Male,Off,Spectacles,1Y,False,False,included
PLSR0363,PLSP0261,26,0,444.0,53.1,48.6,-1.25,-2.5,1,0.173925197299174,,,,-1379.1333333333334,Female,Off, ,1Y,False,False,negative source last-followup metadata
PLSR0364,PLSP0262,20,0,402.0,52.3,48.95,-6.0,-8.0,1,0.522878745280338,,,0.30102999566398,52.23333333333333,Female,Off,Soft CL,1Y,False,False,missing nominal one-year outcome
PLSR0365,PLSP0262,24,0,434.0,51.0,46.6,-8.5,-3.0,1,0.154901959985743,,,,6.533333333333333,Female,Off,Spectacles,1Y,False,False,missing nominal one-year outcome
PLSR0366,PLSP0263,27,1,471.0,50.0,44.7,-0.62,-3.25,1,0.096910013008057,0.096910013008057,48.0,0.096910013008057,8.833333333333334,Male,On,Spectacles,1Y,False,False,included
PLSR0367,PLSP0264,31,1,495.0,51.4,46.2,0.25,-4.5,1,0.045757490560676,,,,2.833333333333333,Male,On,Spectacles,1Y,False,False,missing nominal one-year outcome
PLSR0368,PLSP0265,48,0,439.0,53.0,51.35,-11.5,-6.0,1,0.173925197299174,0.39794000867204,51.6,0.39794000867204,13.633333333333333,Female,Off,Piggy back,1Y,False,False,included
PLSR0369,PLSP0266,18,1,465.0,53.4,49.0,-1.12,-5.25,1,0.221848749616356,0.096910013008057,52.4,0.154901959985743,44.73333333333333,Male,Off,Spectacles,1Y,False,False,included
PLSR0370,PLSP0266,18,1,455.0,49.2,46.0,-2.0,-4.0,1,0.045757490560676,0.045757490560676,48.9,0.045757490560676,47.46666666666667,Male,Off,Spectacles,1Y,False,False,included
PLSR0371,PLSP0267,31,0,416.0,52.7,48.55,-14.0,-6.0,1,0.221848749616356,,,,1.6666666666666667,Female,Off,Spectacles,1Y,False,False,missing nominal one-year outcome
PLSR0372,PLSP0267,31,0,438.0,49.6,45.95,-13.0,-4.0,1,0.154901959985743,,,,-0.7666666666666667,Female,Off,Spectacles,1Y,False,False,negative source last-followup metadata
PLSR0373,PLSP0268,24,1,436.0,50.3,46.2,0.37,-2.75,1,0.173925197299174,,,,0.9333333333333332,Male,Off,Spectacles,1Y,False,False,missing nominal one-year outcome
PLSR0374,PLSP0269,34,0,304.0,49.1,47.3,-12.75,-5.0,1,0.522878745280338,,,,3.2666666666666666,Female,Off,Spectacles,1Y,False,False,missing nominal one-year outcome
PLSR0375,PLSP0270,27,0,490.0,44.7,43.3,-1.38,-1.75,1,0.096910013008057,0.0,48.8,0.0,16.833333333333332,Female,On,Spectacles,1Y,False,False,included
PLSR0376,PLSP0271,27,0,405.0,45.3,40.8,-2.25,-4.5,1,0.221848749616356,0.096910013008057,47.2,0.096910013008057,34.06666666666667,Female,Off,Spectacles,1Y,False,False,included
PLSR0377,PLSP0271,30,0,440.0,44.5,42.0,-2.875,-1.75,1,0.0,0.0,45.1,0.0,12.333333333333334,Female,On,Spectacles,1Y,False,False,included
PLSR0378,PLSP0272,57,0,396.0,64.0,56.75,-4.0,-5.0,1,0.522878745280338,0.522878745280338,60.3,0.522878745280338,21.6,Female,Off,Spectacles,1Y,False,False,included
PLSR0379,PLSP0273,23,1,500.0,54.9,50.1,-2.63,-9.25,1,0.221848749616356,,,,5.766666666666667,Male,Off,Spectacles,1Y,False,False,missing nominal one-year outcome
PLSR0380,PLSP0274,18,1,480.0,48.6,46.2,-0.75,-3.5,1,0.173925197299174,0.0,47.2,0.0,43.766666666666666,Male,Off,Spectacles,1Y,False,False,included
PLSR0381,PLSP0274,19,1,485.0,46.8,45.1,-0.75,-3.5,1,0.096910013008057,0.045757490560676,46.6,0.0,44.266666666666666,Male,On,Spectacles,1Y,False,False,included
PLSR0382,PLSP0275,19,0,432.0,50.3,48.05,-3.0,-4.0,1,0.221848749616356,0.39794000867204,50.3,0.39794000867204,12.366666666666667,Female,Off,Soft CL,1Y,False,False,included
PLSR0383,PLSP0276,29,0,480.0,54.7,48.05,-2.5,-5.0,1,0.30102999566398,,,,4.2,Female,Off, ,1Y,False,False,missing nominal one-year outcome
PLSR0384,PLSP0277,23,0,408.0,65.1,57.5,-6.0,-10.0,1,0.522878745280338,,,,7.133333333333334,Female,Off,RGP,1Y,False,False,missing nominal one-year outcome
PLSR0385,PLSP0278,30,1,414.0,58.2,51.6,0.25,-2.5,1,0.096910013008057,0.221848749616356,,0.176091259055681,12.333333333333334,Male,Off,No correction,1Y,False,False,included
PLSR0386,PLSP0279,27,1,485.0,45.5,42.45,0.75,-1.5,1,0.0,,,,-2.7333333333333334,Male,Off,No correction,1Y,False,False,negative source last-followup metadata
PLSR0387,PLSP0280,27,1,521.0,47.3,42.4,-0.5,-7.0,1,0.154901959985743,0.30102999566398,49.6,0.30102999566398,22.266666666666666,Male,Off,Spectacles,1Y,False,False,included
PLSR0388,PLSP0280,28,1,578.0,45.2,40.6,0.5,-9.0,1,0.221848749616356,0.154901959985743,47.6,0.154901959985743,16.266666666666666,Male,Off,Spectacles,1Y,False,False,included
PLSR0389,PLSP0281,18,0,500.0,46.5,45.0,-1.75,-0.5,1,0.0,,,,3.2666666666666666,Female,On,No correction,1Y,False,False,missing nominal one-year outcome
PLSR0390,PLSP0282,24,1,409.0,53.4,48.8,0.25,-5.0,1,0.154901959985743,0.154901959985743,51.3,0.154901959985743,9.3,Male,Off,Spectacles,1Y,False,False,included
PLSR0391,PLSP0283,38,1,354.0,50.6,45.3,0.0,-6.0,1,0.39794000867204,0.30102999566398,50.9,0.30102999566398,17.133333333333333,Male,Off,RGP,1Y,False,False,included
PLSR0392,PLSP0284,24,0,466.0,49.5,44.9,0.0,-2.5,1,0.154901959985743,0.045757490560676,49.2,0.096910013008057,15.066666666666666,Female,Off,No correction,1Y,False,False,included
PLSR0393,PLSP0284,25,0,482.0,45.4,42.35,-0.12,-0.25,1,0.0,0.0,,0.0,2.4,Female,On,No correction,1Y,False,False,included
PLSR0394,PLSP0285,20,1,500.0,51.0,44.6,0.25,-4.5,1,0.154901959985743,,,,-3.2,Male,Off,Spectacles,1Y,False,False,negative source last-followup metadata
PLSR0395,PLSP0286,24,1,486.0,47.0,44.85,-0.12,-2.25,1,0.173925197299174,0.0,46.4,0.0,12.1,Male,Off,Spectacles,1Y,False,False,included
PLSR0396,PLSP0287,34,1,443.0,67.1,59.95,-2.0,-8.0,1,0.522878745280338,,,,-4.133333333333334,Male,Off,Spectacles,1Y,False,False,negative source last-followup metadata
PLSR0397,PLSP0287,34,1,401.0,66.4,62.900000000000006,-1.0,-7.0,1,0.39794000867204,,,,-1379.2,Male,Off,Spectacles,1Y,False,False,negative source last-followup metadata
PLSR0398,PLSP0288,23,1,430.0,63.3,58.9,-1.0,-8.0,1,0.30102999566398,0.39794000867204,65.8,0.522878745280338,21.633333333333333,Male,Off,RGP,1Y,False,False,included
PLSR0399,PLSP0289,33,1,455.0,47.2,43.900000000000006,-2.875,-3.25,1,0.30102999566398,0.221848749616356,47.8,0.096910013008057,32.2,Male,Off,Soft CL,1Y,False,False,included
PLSR0400,PLSP0289,33,1,367.0,59.0,55.5,-7.0,-8.0,1,0.698970004336019,0.903089986991944,56.5,0.39794000867204,27.2,Male,Off,Soft CL,1Y,False,False,included
PLSR0401,PLSP0290,28,1,367.0,57.4,55.150000000000006,-3.5,-5.0,1,0.39794000867204,,,,4.266666666666667,Male,Off,Hybrid CL,1Y,False,False,missing nominal one-year outcome
PLSR0402,PLSP0291,25,0,378.0,55.4,51.7,-2.75,-6.5,1,0.39794000867204,0.30102999566398,55.1,0.30102999566398,21.2,Female,Off,RGP,1Y,False,False,included
PLSR0403,PLSP0292,18,1,443.0,52.6,49.25,0.5,-6.0,1,0.30102999566398,0.221848749616356,49.9,0.221848749616356,26.7,Male,Off,RGP,1Y,False,False,included
PLSR0404,PLSP0292,18,1,468.0,50.7,48.55,-0.25,-7.5,1,0.221848749616356,0.154901959985743,48.0,0.154901959985743,29.9,Male,Off,RGP,1Y,False,False,included
PLSR0405,PLSP0293,23,1,459.0,54.1,50.35,0.75,-5.5,1,0.481486060122112,0.39794000867204,53.2,0.39794000867204,6.433333333333334,Male,Off,Spectacles,1Y,False,False,included
PLSR0406,PLSP0294,19,1,393.0,51.8,46.5,-0.25,-3.5,1,0.30102999566398,0.39794000867204,50.0,0.39794000867204,12.033333333333331,Male,Off,No correction,1Y,False,False,included
PLSR0407,PLSP0295,31,0,434.0,46.7,42.95,0.25,-4.0,1,0.154901959985743,,45.7,,13.9,Female,On,No correction,1Y,False,False,missing nominal one-year outcome
PLSR0408,PLSP0296,35,0,358.0,63.2,59.400000000000006,-7.0,-3.0,1,0.60205999132796,0.698970004336019,63.0,0.698970004336019,38.5,Female,Off,RGP,1Y,False,False,included
PLSR0409,PLSP0297,28,1,378.0,66.4,59.35,-0.25,-6.5,1,0.30102999566398,,,,3.733333333333333,Male,Off,Spectacles,1Y,False,False,missing nominal one-year outcome
PLSR0410,PLSP0298,18,1,472.0,50.7,45.2,0.0,-1.5,1,0.096910013008057,,,,,Male,On,No correction,1Y,False,False,missing nominal one-year outcome
PLSR0411,PLSP0299,27,1,490.0,49.8,45.8,-11.0,-6.0,1,0.30102999566398,,,0.30102999566398,26.133333333333333,Male,On,RGP,1Y,False,False,missing nominal one-year outcome
PLSR0412,PLSP0299,27,1,476.0,54.3,48.650000000000006,-8.25,-6.5,1,0.30102999566398,,,0.30102999566398,25.866666666666667,Male,Off,RGP,1Y,False,False,missing nominal one-year outcome
PLSR0413,PLSP0300,41,0,495.0,64.5,59.45,-17.0,-6.0,1,0.698970004336019,,,,1.0333333333333334,Female,Off,RGP,1Y,False,False,missing nominal one-year outcome
PLSR0414,PLSP0301,27,1,464.0,51.3,45.35,0.25,-5.5,1,0.221848749616356,0.045757490560676,51.4,0.045757490560676,31.433333333333334,Male,Off,Spectacles,1Y,False,False,included
PLSR0415,PLSP0302,23,1,459.0,56.6,50.45,-2.5,-5.0,1,0.39794000867204,,,,-8.666666666666666,Male,Off,Spectacles,1Y,False,False,negative source last-followup metadata
PLSR0416,PLSP0303,19,0,399.0,57.1,54.0,-1.375,-6.25,1,0.30102999566398,0.39794000867204,64.4,0.522878745280338,28.266666666666666,Female,Off,Spectacles,1Y,False,False,included
PLSR0417,PLSP0303,19,0,415.0,56.9,51.9,0.625,-5.75,1,0.30102999566398,0.096910013008057,65.2,0.30102999566398,27.1,Female,Off,RGP,1Y,False,False,included
PLSR0418,PLSP0304,25,1,462.0,46.8,43.400000000000006,-1.0,-3.5,1,0.154901959985743,,,,-1381.2,Male,On,Spectacles,1Y,False,False,negative source last-followup metadata
PLSR0419,PLSP0305,31,0,424.0,53.7,46.95,-4.25,-7.5,1,0.30102999566398,0.154901959985743,53.6,0.154901959985743,11.1,Female,Off,RGP,1Y,False,False,included
PLSR0420,PLSP0306,41,0,429.0,50.7,46.8,-3.5,-5.0,1,0.30102999566398,,,,-1386.7333333333331,Female,On,RGP,1Y,False,False,negative source last-followup metadata
PLSR0421,PLSP0307,31,1,530.0,51.5,48.5,-1.25,-4.0,1,0.221848749616356,0.522878745280338,50.6,0.522878745280338,0.7666666666666667,Male,Off,Spectacles,1Y,False,False,included
PLSR0422,PLSP0307,32,1,543.0,48.0,45.45,4.875,-3.25,1,0.221848749616356,,,,-1400.7333333333331,Male,On, ,1Y,False,False,negative source last-followup metadata
PLSR0423,PLSP0308,25,1,465.0,56.7,54.65,-1.25,-9.5,1,0.30102999566398,0.522878745280338,,0.522878745280338,9.7,Male,Off,No correction,1Y,False,False,included
PLSR0424,PLSP0308,26,1,499.0,51.6,48.8,-1.0,-4.0,1,0.30102999566398,,,,8.266666666666667,Male,Off,No correction,1Y,False,False,missing nominal one-year outcome
PLSR0425,PLSP0309,26,1,492.0,53.2,47.55,0.25,-7.5,1,0.221848749616356,,,,-1378.1333333333334,Male,Off,Spectacles,1Y,False,False,negative source last-followup metadata
PLSR0426,PLSP0309,26,1,494.0,50.4,45.7,0.0,-6.0,1,0.154901959985743,,,,-1387.6666666666667,Male,Off,Spectacles,1Y,False,False,negative source last-followup metadata
PLSR0427,PLSP0310,21,0,407.0,56.4,52.25,-9.0,-7.0,1,0.221848749616356,,,,-1387.5333333333333,Female,Off,RGP,1Y,False,False,negative source last-followup metadata
PLSR0428,PLSP0311,23,1,386.0,54.7,53.35,-7.5,-7.5,1,0.39794000867204,0.39794000867204,53.8,0.30102999566398,41.766666666666666,Male,Off,RGP,1Y,False,False,included
PLSR0429,PLSP0312,29,0,430.0,54.7,48.2,-0.5,-5.0,1,0.30102999566398,0.30102999566398,54.7,0.30102999566398,24.83333333333333,Female,Off,Spectacles,1Y,False,False,included
PLSR0430,PLSP0312,30,0,426.0,54.6,48.5,-0.25,-9.5,1,0.30102999566398,0.30102999566398,54.1,0.30102999566398,18.566666666666663,Female,Off,Spectacles,1Y,False,False,included
PLSR0431,PLSP0313,37,0,288.0,64.9,61.15,-7.0,-14.0,1,0.698970004336019,,,,10.266666666666667,Female,Off,Miniscleral,1Y,False,False,missing nominal one-year outcome
PLSR0432,PLSP0314,38,1,520.0,46.7,42.1,-3.625,-3.25,1,0.154901959985743,,,,-1387.9,Male,On,Spectacles,1Y,False,False,negative source last-followup metadata
PLSR0433,PLSP0315,30,1,456.0,53.3,50.0,-1.0,-6.0,1,0.698970004336019,,52.3,0.522878745280338,29.866666666666667,Male,Off,Spectacles,1Y,False,False,missing nominal one-year outcome
PLSR0434,PLSP0316,52,0,468.0,56.0,48.15,-1.375,-5.75,1,0.221848749616356,0.30102999566398,53.8,0.30102999566398,12.133333333333333,Female,Off,Spectacles,1Y,False,False,included
PLSR0435,PLSP0317,23,1,446.0,53.6,48.85,-3.75,-6.5,1,0.221848749616356,,,,-1389.7666666666669,Male,Off,Soft CL,1Y,False,False,negative source last-followup metadata
PLSR0436,PLSP0318,25,0,515.0,50.7,45.5,0.625,-2.75,1,0.154901959985743,0.096910013008057,51.3,0.096910013008057,22.166666666666668,Female,Off,Spectacles,1Y,False,False,included
PLSR0437,PLSP0318,26,0,532.0,51.7,48.45,-0.125,-0.25,1,0.0,0.0,48.3,0.0,8.166666666666666,Female,On,Spectacles,1Y,False,False,included
PLSR0438,PLSP0319,46,1,435.0,52.3,46.95,-5.75,-4.0,1,0.522878745280338,,,,2.933333333333333,Male,On,Spectacles,1Y,False,False,missing nominal one-year outcome
PLSR0439,PLSP0320,48,1,394.0,61.2,54.25,-2.75,-3.5,1,0.154901959985743,0.096910013008057,57.3,0.0,12.366666666666667,Male,On,Spectacles,1Y,False,False,included
PLSR0440,PLSP0321,24,0,486.0,54.4,49.150000000000006,-1.0,-6.0,1,0.39794000867204,,,0.221848749616356,40.9,Female,Off,Spectacles,1Y,False,False,missing nominal one-year outcome
PLSR0441,PLSP0321,26,0,475.0,52.8,46.6,0.75,-5.5,1,0.221848749616356,,,,7.633333333333334,Female,Off,Spectacles,1Y,False,False,missing nominal one-year outcome
PLSR0442,PLSP0322,46,0,519.0,52.8,48.05,-1.25,-3.5,1,0.154901959985743,0.30102999566398,49.5,0.30102999566398,13.366666666666667,Female,Off,No correction,1Y,False,False,included
PLSR0443,PLSP0323,25,1,493.0,46.3,43.900000000000006,-2.25,-1.5,1,0.096910013008057,0.045757490560676,45.7,0.045757490560676,10.033333333333331,Male,Off,Spectacles,1Y,False,False,included
PLSR0444,PLSP0324,28,1,489.0,55.9,51.45,-3.5,-4.0,1,0.30102999566398,,,,-6.633333333333334,Male,On,Spectacles,1Y,False,False,negative source last-followup metadata
PLSR0445,PLSP0325,31,1,,65.4,58.95,,,1,0.30102999566398,,54.5,,30.266666666666666,Male,Off,Soft CL,1Y,False,False,missing nominal one-year outcome
PLSR0446,PLSP0326,39,1,470.0,43.9,42.7,-2.375,-1.25,1,0.221848749616356,0.221848749616356,42.6,0.045757490560676,31.966666666666665,Male,Off,Spectacles,1Y,False,False,included
PLSR0447,PLSP0327,27,1,424.0,50.8,44.7,-0.75,-2.5,1,0.096910013008057,,,,2.1333333333333333,Male,On,Spectacles,1Y,False,False,missing nominal one-year outcome
PLSR0448,PLSP0327,27,1,450.0,47.9,43.75,-0.625,-1.25,1,0.096910013008057,,,,-1389.2333333333331,Male,On,Spectacles,1Y,False,False,negative source last-followup metadata
PLSR0449,PLSP0328,27,0,289.0,51.7,49.05,,,1,0.903089986991944,,,,5.0,Female,On,Scleral CL,1Y,False,False,missing nominal one-year outcome
PLSR0450,PLSP0329,30,1,333.0,60.6,57.75,-2.0,-8.0,1,0.903089986991944,,,,12.3,Male,Off,Scleral CL,1Y,False,False,missing nominal one-year outcome
PLSR0451,PLSP0330,18,1,427.0,61.7,57.15,-3.0,-4.0,1,0.903089986991944,,,,-1.4,Male,Off, ,1Y,False,False,negative source last-followup metadata
PLSR0452,PLSP0331,25,0,499.0,50.7,46.3,-0.25,-0.5,1,0.221848749616356,0.045757490560676,49.3,0.045757490560676,10.5,Female,Off,No correction,1Y,False,False,included
PLSR0453,PLSP0332,24,1,454.0,50.8,44.85,-0.5,-9.0,1,0.221848749616356,0.154901959985743,53.1,0.154901959985743,17.266666666666666,Male,Off,Miniscleral,1Y,False,False,included
PLSR0454,PLSP0332,24,1,388.0,68.4,60.55,0.5,-10.0,1,0.698970004336019,0.60205999132796,65.7,0.60205999132796,15.266666666666667,Male,Off,RGP,1Y,False,False,included
PLSR0455,PLSP0333,18,0,463.0,46.4,42.25,-0.625,-1.25,1,0.154901959985743,0.154901959985743,46.4,0.096910013008057,42.93333333333333,Female,Off,Spectacles,1Y,False,False,included
PLSR0456,PLSP0333,21,0,466.0,49.8,47.150000000000006,-1.125,-1.25,1,0.154901959985743,,,,5.433333333333334,Female,Off,Spectacles,1Y,False,False,missing nominal one-year outcome
PLSR0457,PLSP0334,30,0,434.0,50.6,47.2,0.75,-5.5,1,0.39794000867204,,,,8.466666666666667,Female,Off,No correction,1Y,False,False,missing nominal one-year outcome
PLSR0458,PLSP0335,41,0,419.0,57.9,52.3,-2.25,-4.5,1,0.221848749616356,,,,2.0,Female,Off, ,1Y,False,False,missing nominal one-year outcome
PLSR0459,PLSP0336,27,1,,46.1,41.3,0.25,-1.5,1,0.0,0.0,46.7,0.0,18.53333333333333,Male,On,No correction,1Y,False,False,missing baseline predictor
PLSR0460,PLSP0337,28,1,,52.0,47.85,-2.5,-7.0,1,0.221848749616356,0.154901959985743,53.7,0.154901959985743,10.0,Male,Off,Spectacles,1Y,False,False,missing baseline predictor
PLSR0461,PLSP0337,29,1,445.0,55.9,52.3,-2.5,-6.0,1,0.096910013008057,,,,-1409.4333333333334,Male,Off,Spectacles,1Y,False,False,negative source last-followup metadata
PLSR0462,PLSP0338,28,1,413.0,55.5,49.6,-0.25,-2.0,1,0.045757490560676,0.154901959985743,54.7,0.154901959985743,13.733333333333333,Male,Off,No correction,1Y,False,False,included
PLSR0463,PLSP0339,24,1,386.0,50.9,46.6,-3.625,-2.25,1,0.096910013008057,,,,-1396.0666666666666,Male,Off,Soft CL,1Y,False,False,negative source last-followup metadata
PLSR0464,PLSP0340,25,0,481.0,48.0,45.8,-1.625,-2.25,1,0.0,,,,13.0,Female,Off,Spectacles,1Y,False,False,missing nominal one-year outcome
PLSR0465,PLSP0340,26,0,480.0,47.8,45.45,-1.5,-1.5,1,0.0,,,,-1406.3,Female,Off,Spectacles,1Y,False,False,negative source last-followup metadata
PLSR0466,PLSP0341,28,0,,45.9,44.8,-4.375,-1.25,1,0.096910013008057,0.045757490560676,45.5,0.045757490560676,11.033333333333331,Female,On,Spectacles,1Y,False,False,missing baseline predictor
PLSR0467,PLSP0342,28,1,413.0,51.0,45.8,-1.125,-4.75,1,0.154901959985743,0.096910013008057,53.6,0.096910013008057,13.7,Male,On,RGP,1Y,False,False,included
PLSR0468,PLSP0343,27,1,408.0,66.4,64.8,,,1,0.30102999566398,,,,-1397.0,Male,Off,Scleral CL,1Y,False,False,negative source last-followup metadata
PLSR0469,PLSP0344,47,0,,49.2,47.0,-2.0,-4.0,1,0.154901959985743,,,,5.7,Female,Off, ,1Y,False,False,missing nominal one-year outcome
PLSR0470,PLSP0345,20,0,,52.0,46.35,2.5,-6.0,1,0.221848749616356,,,,,Female,Off,No correction,1Y,False,False,missing nominal one-year outcome
PLSR0471,PLSP0346,32,1,,46.5,41.95,-0.125,-0.75,1,0.045757490560676,,,,-1396.4333333333334,Male,On,Miniscleral,1Y,False,False,negative source last-followup metadata
PLSR0472,PLSP0346,32,1,,47.4,43.15,-0.625,-0.75,1,0.045757490560676,,,,-1396.4333333333334,Male,On,Miniscleral,1Y,False,False,negative source last-followup metadata
PLSR0473,PLSP0347,27,1,505.0,55.1,49.1,-3.125,-4.75,1,0.154901959985743,,,,6.166666666666667,Male,Off, ,1Y,False,False,missing nominal one-year outcome
PLSR0474,PLSP0348,22,1,453.0,52.4,47.6,-0.25,-2.5,1,0.0,,,,5.7,Male,Off,No correction,1Y,False,False,missing nominal one-year outcome
PLSR0475,PLSP0349,45,1,396.0,43.2,38.8,1.125,-2.75,1,0.154901959985743,0.221848749616356,38.9,0.221848749616356,20.03333333333333,Male,Off,No correction,1Y,False,False,included
PLSR0476,PLSP0350,23,1,475.0,50.3,47.0,-2.375,-4.75,1,0.154901959985743,,,,2.1333333333333333,Male,Off, ,1Y,False,False,missing nominal one-year outcome
PLSR0477,PLSP0351,19,0,520.0,55.1,48.900000000000006,-0.75,-3.5,1,0.154901959985743,0.154901959985743,52.7,0.154901959985743,19.6,Female,Off,No correction,1Y,False,False,included
PLSR0478,PLSP0351,20,0,527.0,55.7,48.65,0.25,-3.5,1,0.096910013008057,0.221848749616356,54.0,0.221848749616356,12.866666666666667,Female,Off,No correction,1Y,False,False,included
PLSR0479,PLSP0352,37,1,450.0,46.6,43.6,0.125,-3.25,1,0.154901959985743,0.30102999566398,44.2,0.30102999566398,14.333333333333334,Male,On,Soft CL,1Y,False,False,included
PLSR0480,PLSP0353,20,0,493.0,53.9,50.650000000000006,-3.0,-12.0,1,0.30102999566398,,,,-1403.1666666666667,Female,Off, ,1Y,False,False,negative source last-followup metadata
PLSR0481,PLSP0354,23,0,,52.2,47.55,1.25,-2.5,1,0.154901959985743,0.154901959985743,49.7,0.154901959985743,1.2666666666666666,Female,Off,Spectacles,1Y,False,False,missing baseline predictor
PLSR0482,PLSP0355,25,1,381.0,51.5,46.400000000000006,-0.125,-1.75,1,0.0,,,,8.066666666666666,Male,Off,Spectacles,1Y,False,False,missing nominal one-year outcome
PLSR0483,PLSP0355,25,1,374.0,58.5,53.6,1.25,-8.5,1,0.30102999566398,,,,-1408.2,Male,Off,Spectacles,1Y,False,False,negative source last-followup metadata
PLSR0484,PLSP0356,25,1,,47.1,43.5,0.625,-2.75,1,0.154901959985743,,,,-1410.3666666666666,Male,Off,Spectacles,1Y,False,False,negative source last-followup metadata
PLSR0485,PLSP0357,33,1,416.0,47.6,46.400000000000006,-4.25,-3.5,1,0.045757490560676,,,,-1392.3333333333333,Male,On,Spectacles,1Y,False,False,negative source last-followup metadata
PLSR0486,PLSP0357,33,1,396.0,50.4,48.2,-5.0,-5.5,1,0.221848749616356,,,,-1392.3333333333333,Male,On,Spectacles,1Y,False,False,negative source last-followup metadata
PLSR0487,PLSP0358,19,1,488.0,45.6,42.8,-4.25,-1.0,1,0.0,,,,-1400.2,Male,On,Spectacles,1Y,False,False,negative source last-followup metadata
PLSR0488,PLSP0359,32,0,437.0,51.8,47.900000000000006,-3.25,-3.0,1,0.0,,,,-1.6,Female,Off,Spectacles,1Y,False,False,negative source last-followup metadata
PLSR0489,PLSP0360,19,1,464.0,55.7,49.5,-4.0,-4.0,1,0.30102999566398,,54.4,,14.733333333333333,Male,Off,RGP,1Y,False,False,missing nominal one-year outcome
PLSR0490,PLSP0360,19,1,438.0,57.2,50.4,-2.5,-5.0,1,0.698970004336019,,56.8,,12.533333333333331,Male,Off,RGP,1Y,False,False,missing nominal one-year outcome
PLSR0491,PLSP0361,35,1,572.0,50.4,47.0,-4.5,-1.5,1,0.154901959985743,,,,6.233333333333333,Male,Off,Spectacles,1Y,False,False,missing nominal one-year outcome
PLSR0492,PLSP0362,34,1,,50.3,48.1,-6.75,-3.5,1,0.39794000867204,,,,-0.9333333333333332,Male,Off,RGP,1Y,False,False,negative source last-followup metadata
PLSR0493,PLSP0363,20,1,525.0,50.5,45.05,-5.0,-2.0,1,0.522878745280338,0.221848749616356,59.4,0.221848749616356,14.2,Male,Off,No correction,1Y,False,False,included
PLSR0494,PLSP0363,20,1,522.0,46.2,41.35,-1.0,-1.0,1,0.30102999566398,0.045757490560676,51.1,0.045757490560676,8.8,Male,Off,No correction,1Y,False,False,included
PLSR0495,PLSP0364,32,1,470.0,53.4,48.15,0.5,-2.5,1,0.096910013008057,,,,-1405.7333333333331,Male,On,RGP,1Y,False,False,negative source last-followup metadata
PLSR0496,PLSP0364,34,1,398.0,61.3,59.45,1.75,-9.5,1,0.522878745280338,,,,-1414.6,Male,Off,RGP,1Y,False,False,negative source last-followup metadata
PLSR0497,PLSP0365,29,0,482.0,71.2,65.1,-7.0,-5.0,1,0.522878745280338,0.60205999132796,66.5,0.698970004336019,24.266666666666666,Female,Off,RGP,1Y,False,False,included
PLSR0498,PLSP0365,30,0,486.0,48.2,45.4,-5.875,-2.75,1,0.221848749616356,0.221848749616356,47.3,0.221848749616356,13.633333333333333,Female,Off,Hybrid CL,1Y,False,False,included
PLSR0499,PLSP0366,27,1,,52.2,46.7,,,1,0.30102999566398,0.096910013008057,49.0,0.096910013008057,8.733333333333333,Male,Off,Miniscleral,1Y,False,False,missing baseline predictor
PLSR0500,PLSP0366,28,1,,62.0,57.45,2.0,-8.0,1,0.221848749616356,,,,-1416.0,Male,Off, ,1Y,False,False,negative source last-followup metadata
PLSR0501,PLSP0367,32,0,387.0,48.6,45.3,-2.0,-6.0,1,0.30102999566398,,,,-1400.7333333333331,Female,Off,Spectacles,1Y,False,False,negative source last-followup metadata
PLSR0502,PLSP0368,22,1,418.0,47.3,44.35,-7.25,-4.5,1,0.221848749616356,0.096910013008057,47.6,0.096910013008057,12.7,Male,On,RGP,1Y,False,False,included
PLSR0503,PLSP0368,23,1,450.0,47.8,46.65,-6.875,-1.75,1,0.154901959985743,,,,6.066666666666666,Male,Off,Soft CL,1Y,False,False,missing nominal one-year outcome
PLSR0504,PLSP0369,25,0,501.0,51.3,49.05,-7.875,-1.75,1,0.096910013008057,,,,-1.4666666666666666,Female,Off,Spectacles,1Y,False,False,negative source last-followup metadata
PLSR0505,PLSP0370,24,0,407.0,56.6,49.650000000000006,0.25,-7.5,1,0.30102999566398,0.30102999566398,54.7,0.30102999566398,15.533333333333331,Female,Off,No correction,1Y,False,False,included
PLSR0506,PLSP0371,30,1,504.0,48.1,43.4,0.125,-2.25,1,0.221848749616356,0.221848749616356,,0.221848749616356,14.566666666666666,Male,On,Spectacles,1Y,False,False,included
PLSR0507,PLSP0372,19,0,417.0,52.3,48.65,-0.125,-2.25,1,0.154901959985743,,,,3.8666666666666663,Female,Off,No correction,1Y,False,False,missing nominal one-year outcome
PLSR0508,PLSP0373,19,0,434.0,51.5,48.45,-7.125,-3.75,1,0.096910013008057,,50.2,0.096910013008057,40.0,Female,Off,Spectacles,1Y,False,False,missing nominal one-year outcome
PLSR0509,PLSP0374,29,1,330.0,67.3,61.8,,,1,0.221848749616356,,,,-1.8333333333333333,Male,Off, ,1Y,False,False,negative source last-followup metadata
PLSR0510,PLSP0374,30,1,400.0,66.5,62.3,,,1,0.221848749616356,,,,0.0333333333333333,Male,Off, ,1Y,False,False,missing nominal one-year outcome
PLSR0511,PLSP0375,27,0,431.0,55.4,51.4,-2.0,-7.5,1,0.522878745280338,,,,3.1333333333333333,Female,Off,No correction,1Y,False,False,missing nominal one-year outcome
PLSR0512,PLSP0376,25,0,457.0,45.5,43.7,-3.0,-2.5,1,0.045757490560676,,,,-1408.5333333333333,Female,On, ,1Y,False,False,negative source last-followup metadata
PLSR0513,PLSP0377,18,1,453.0,53.3,47.400000000000006,2.125,-5.75,1,0.30102999566398,,,,-1409.7,Male,Off,Spectacles,1Y,False,False,negative source last-followup metadata
PLSR0514,PLSP0378,33,0,455.0,53.7,47.1,-4.0,-4.0,1,0.154901959985743,0.221848749616356,56.4,0.154901959985743,26.066666666666663,Female,Off,Spectacles,1Y,False,False,included
PLSR0515,PLSP0378,33,0,462.0,46.5,46.5,-1.0,-2.0,1,0.221848749616356,0.154901959985743,53.2,0.154901959985743,13.066666666666666,Female,Off,Spectacles,1Y,False,False,included
PLSR0516,PLSP0379,27,1,420.0,69.2,64.2,-1.5,-12.0,1,0.522878745280338,,,,4.8,Male,Off,Spectacles,1Y,False,False,missing nominal one-year outcome
PLSR0517,PLSP0379,27,1,480.0,50.7,47.9,-6.37,-1.75,1,0.30102999566398,,,,1.5333333333333334,Male,Off,Spectacles,1Y,False,False,missing nominal one-year outcome
PLSR0518,PLSP0380,18,1,467.0,60.3,54.2,-0.25,-3.5,1,0.154901959985743,,,,1.3333333333333333,Male,Off,No correction,1Y,False,False,missing nominal one-year outcome
PLSR0519,PLSP0381,46,1,492.0,41.2,38.0,-2.5,-7.0,1,0.221848749616356,,,,-1409.4666666666667,Male,Off,Spectacles,1Y,False,False,negative source last-followup metadata
PLSR0520,PLSP0382,36,0,438.0,58.2,52.55,-6.5,-7.0,1,0.522878745280338,,58.0,,11.466666666666669,Female,Off,No correction,1Y,False,False,missing nominal one-year outcome
PLSR0521,PLSP0383,20,1,345.0,58.9,53.95,2.5,-8.0,1,0.522878745280338,0.39794000867204,57.3,0.39794000867204,25.2,Male,Off,No correction,1Y,False,False,included
PLSR0522,PLSP0384,18,1,489.0,52.4,47.65,-0.5,-2.5,1,0.154901959985743,0.221848749616356,51.5,0.221848749616356,22.03333333333333,Male,Off,No correction,1Y,False,False,included
PLSR0523,PLSP0385,50,0,361.0,58.5,53.5,-6.0,-10.0,1,1.0,,,,4.0,Female,Off,No correction,1Y,False,False,missing nominal one-year outcome
PLSR0524,PLSP0386,23,1,392.0,54.5,48.5,-0.75,-4.5,1,0.30102999566398,0.39794000867204,54.3,0.39794000867204,14.0,Male,Off,No correction,1Y,False,False,included
PLSR0525,PLSP0387,18,1,429.0,58.0,52.75,-1.5,-9.0,1,0.30102999566398,0.30102999566398,58.2,0.30102999566398,19.366666666666667,Male,Off,Spectacles,1Y,False,False,included
PLSR0526,PLSP0388,24,0,520.0,51.2,46.3,-3.875,-5.25,1,0.221848749616356,,,,6.033333333333333,Female,Off,Soft CL,1Y,False,False,missing nominal one-year outcome
PLSR0527,PLSP0389,33,1,424.0,48.8,43.35,-1.0,-2.0,1,0.154901959985743,,,,5.833333333333333,Male,Off,No correction,1Y,False,False,missing nominal one-year outcome
PLSR0528,PLSP0390,21,1,521.0,51.6,47.6,-2.125,-2.75,1,0.045757490560676,0.045757490560676,52.4,0.045757490560676,20.633333333333333,Male,Off,No correction,1Y,False,False,included
PLSR0529,PLSP0391,23,1,445.0,50.3,45.150000000000006,-1.0,-4.0,1,0.221848749616356,0.096910013008057,50.2,0.045757490560676,20.166666666666668,Male,Off,No correction,1Y,False,False,included
PLSR0530,PLSP0392,28,0,446.0,52.3,48.45,-5.75,-11.5,1,0.30102999566398,,49.6,,19.83333333333333,Female,Off,Spectacles,1Y,False,False,missing nominal one-year outcome
PLSR0531,PLSP0393,25,0,422.0,49.9,46.95,-1.0,-2.0,1,0.154901959985743,,48.9,,22.9,Female,Off,No correction,1Y,False,False,missing nominal one-year outcome
PLSR0532,PLSP0394,20,1,,45.1,41.400000000000006,-0.75,-1.5,1,1.0,0.698970004336019,47.7,0.698970004336019,12.033333333333331,Male,Off,Spectacles,1Y,False,False,missing baseline predictor
PLSR0533,PLSP0394,22,1,493.0,49.0,44.35,-1.25,-2.5,1,0.60205999132796,,,,-1412.6333333333334,Male,Off,Spectacles,1Y,False,False,negative source last-followup metadata
PLSR0534,PLSP0395,24,1,454.0,49.0,45.35,-1.5,-2.0,1,0.096910013008057,0.0,46.3,0.0,18.666666666666668,Male,Off,Spectacles,1Y,False,False,included
PLSR0535,PLSP0396,30,1,421.0,55.7,49.35,0.0,-8.0,1,0.221848749616356,0.30102999566398,55.2,0.30102999566398,19.0,Male,Off,No correction,1Y,False,False,included
PLSR0536,PLSP0397,32,0,360.0,62.7,55.400000000000006,1.75,-4.5,1,0.522878745280338,0.60205999132796,59.1,0.522878745280338,19.366666666666667,Female,Off,Scleral CL,1Y,False,False,included
PLSR0537,PLSP0398,22,1,401.0,56.6,53.55,-5.5,-7.0,1,0.30102999566398,,,,-1416.0333333333333,Male,Off,No correction,1Y,False,False,negative source last-followup metadata
PLSR0538,PLSP0398,22,1,436.0,50.0,47.5,-1.5,0.0,1,0.154901959985743,,,,-1417.4,Male,Off,No correction,1Y,False,False,negative source last-followup metadata
PLSR0539,PLSP0399,32,0,455.0,55.1,50.8,-2.125,-4.25,1,0.30102999566398,,52.0,,13.333333333333334,Female,Off,Spectacles,1Y,False,False,missing nominal one-year outcome
PLSR0540,PLSP0399,32,0,405.0,56.1,54.3,-0.25,-4.5,1,0.522878745280338,,52.2,,12.266666666666667,Female,Off,Spectacles,1Y,False,False,missing nominal one-year outcome
PLSR0541,PLSP0400,18,1,453.0,53.0,49.15,-1.5,-6.0,1,0.30102999566398,0.045757490560676,50.6,0.045757490560676,15.166666666666666,Male,Off,Spectacles,1Y,False,False,included
PLSR0542,PLSP0400,18,1,458.0,48.5,46.05,-1.875,-1.75,1,0.096910013008057,0.096910013008057,47.1,0.096910013008057,14.233333333333333,Male,Off,Spectacles,1Y,False,False,included
PLSR0543,PLSP0401,20,1,444.0,59.3,52.4,-0.75,-3.5,1,0.154901959985743,0.221848749616356,61.0,0.221848749616356,13.566666666666666,Male,Off,Spectacles,1Y,False,False,included
PLSR0544,PLSP0401,20,1,414.0,68.3,59.0,-2.0,-7.0,1,0.30102999566398,0.522878745280338,63.6,0.522878745280338,12.533333333333331,Male,Off,Spectacles,1Y,False,False,included
PLSR0545,PLSP0402,20,0,420.0,51.3,46.650000000000006,0.375,-2.75,1,0.154901959985743,0.221848749616356,50.8,0.221848749616356,16.666666666666668,Female,Off,No correction,1Y,False,False,included
PLSR0546,PLSP0402,20,0,482.0,47.6,44.9,-0.125,-0.75,1,0.045757490560676,0.045757490560676,46.8,0.045757490560676,14.333333333333334,Female,Off,No correction,1Y,False,False,included
PLSR0547,PLSP0403,18,1,481.0,48.1,43.8,-0.375,-1.75,1,0.154901959985743,0.154901959985743,47.9,0.096910013008057,19.9,Male,Off,No correction,1Y,False,False,included
PLSR0548,PLSP0404,30,0,,48.7,46.1,-5.25,-7.5,1,0.903089986991944,,49.3,,13.1,Female,Off,Spectacles,1Y,False,False,missing nominal one-year outcome
PLSR0549,PLSP0405,27,0,486.0,52.0,48.15,-0.5,-4.0,1,0.154901959985743,,51.9,,14.6,Female,Off,Spectacles,1Y,False,False,missing nominal one-year outcome
PLSR0550,PLSP0406,18,1,498.0,47.8,43.55,-0.25,-1.5,1,0.096910013008057,0.045757490560676,47.5,0.0,18.9,Male,Off,Spectacles,1Y,False,False,included
PLSR0551,PLSP0407,31,1,403.0,57.5,52.0,-3.0,-6.0,1,0.30102999566398,0.221848749616356,56.6,0.221848749616356,-1415.9,Male,Off,Spectacles,1Y,False,False,negative source last-followup metadata
PLSR0552,PLSP0407,31,1,412.0,60.2,54.05,-1.75,-4.5,1,0.30102999566398,0.154901959985743,59.5,0.154901959985743,-1417.5666666666666,Male,Off,Spectacles,1Y,False,False,negative source last-followup metadata
PLSR0553,PLSP0408,18,0,464.0,47.9,43.5,0.25,-2.5,1,0.096910013008057,,,,-1416.3666666666666,Female,Off,No correction,1Y,False,False,negative source last-followup metadata
PLSR0554,PLSP0409,23,1,439.0,53.1,46.55,-3.75,-3.0,1,0.221848749616356,0.154901959985743,54.1,0.154901959985743,14.1,Male,Off,Soft CL,1Y,False,False,included
PLSR0555,PLSP0410,24,1,452.0,53.4,49.35,-4.875,-4.75,1,0.221848749616356,,,,3.4,Male,Off,RGP,1Y,False,False,missing nominal one-year outcome
PLSR0556,PLSP0411,20,0,498.0,45.5,42.85,-2.75,-2.5,1,0.221848749616356,0.221848749616356,46.5,0.221848749616356,18.6,Female,Off,Spectacles,1Y,False,False,included
PLSR0557,PLSP0412,29,1,500.0,49.4,47.3,-2.0,-4.0,1,0.221848749616356,,49.2,,16.533333333333335,Male,Off,No correction,1Y,False,False,missing nominal one-year outcome
PLSR0558,PLSP0413,23,0,501.0,50.8,48.75,-4.25,-3.0,1,0.30102999566398,0.522878745280338,50.3,0.522878745280338,10.333333333333334,Female,Off,No correction,1Y,False,False,included
PLSR0559,PLSP0413,23,0,504.0,50.2,48.55,-3.875,-3.25,1,0.221848749616356,0.30102999566398,49.5,0.30102999566398,8.733333333333333,Female,Off,No correction,1Y,False,False,included
PLSR0560,PLSP0414,30,0,450.0,46.9,46.05,-6.5,-1.5,1,0.0,,,,5.466666666666667,Female,On,Spectacles,1Y,False,False,missing nominal one-year outcome
PLSR0561,PLSP0414,31,0,412.0,50.6,46.45,-6.0,-4.0,1,0.096910013008057,,,,4.766666666666667,Female,Off,Spectacles,1Y,False,False,missing nominal one-year outcome
PLSR0562,PLSP0415,24,0,429.0,52.3,46.95,0.75,-3.5,1,0.30102999566398,,,,5.366666666666666,Female,Off,Spectacles,1Y,False,False,missing nominal one-year outcome
PLSR0563,PLSP0416,18,1,515.0,46.8,44.3,-4.625,-1.75,1,0.096910013008057,,,,-1416.4666666666667,Male,Off,Spectacles,1Y,False,False,negative source last-followup metadata
PLSR0564,PLSP0417,23,0,468.0,55.5,51.35,-0.5,-3.0,1,0.221848749616356,0.221848749616356,54.0,0.221848749616356,15.966666666666669,Female,Off,No correction,1Y,False,False,included
PLSR0565,PLSP0417,23,0,497.0,53.1,49.05,-1.25,-2.5,1,0.154901959985743,0.154901959985743,49.7,0.154901959985743,12.8,Female,Off,No correction,1Y,False,False,included
PLSR0566,PLSP0418,18,1,473.0,49.3,47.45,-2.875,-2.75,1,0.096910013008057,,,,5.133333333333334,Male,Off,Spectacles,1Y,False,False,missing nominal one-year outcome
PLSR0567,PLSP0419,28,1,440.0,53.4,50.95,-5.125,-7.25,1,0.221848749616356,,,,-1418.0333333333333,Male,Off,Spectacles,1Y,False,False,negative source last-followup metadata
PLSR0568,PLSP0420,27,0,412.0,52.9,48.3,-4.5,-7.5,1,0.221848749616356,,,,8.633333333333333,Female,Off,RGP,1Y,False,False,missing nominal one-year outcome
PLSR0569,PLSP0421,28,1,412.0,53.1,47.6,-2.5,-5.0,1,0.522878745280338,,,,-1417.8,Male,Off,No correction,1Y,False,False,negative source last-followup metadata
PLSR0570,PLSP0422,26,1,378.0,67.7,63.35,0.5,-13.0,1,0.60205999132796,,67.0,,13.533333333333331,Male,Off,No correction,1Y,False,False,missing nominal one-year outcome
PLSR0571,PLSP0423,26,1,469.0,48.1,46.85,-1.75,-3.5,1,0.30102999566398,0.30102999566398,50.4,0.30102999566398,12.366666666666667,Male,Off,Spectacles,1Y,False,False,included
PLSR0572,PLSP0423,26,1,482.0,50.2,47.8,-1.25,-5.5,1,0.39794000867204,,,,8.366666666666667,Male,Off,Spectacles,1Y,False,False,missing nominal one-year outcome
PLSR0573,PLSP0424,21,0,449.0,57.7,51.1,-2.75,-3.5,1,0.30102999566398,0.39794000867204,,0.39794000867204,14.566666666666666,Female,Off,Soft CL,1Y,False,False,included
PLSR0574,PLSP0425,22,0,399.0,61.7,57.25,0.0,-12.0,1,0.522878745280338,,,,-1417.0666666666666,Female,Off,No correction,1Y,False,False,negative source last-followup metadata
PLSR0575,PLSP0426,34,1,,48.5,45.400000000000006,-4.875,-4.75,1,0.154901959985743,,,,-1411.3333333333333,Male,On, ,1Y,False,False,negative source last-followup metadata
PLSR0576,PLSP0427,22,1,439.0,62.3,55.15,-6.0,-13.0,1,0.522878745280338,0.154901959985743,61.9,0.154901959985743,18.766666666666666,Male,Off,Hybrid CL,1Y,False,False,included
PLSR0577,PLSP0428,33,1,,48.4,45.650000000000006,-1.0,-3.5,1,0.0,,,,-1422.7666666666669,Male,Off,No correction,1Y,False,False,negative source last-followup metadata
PLSR0578,PLSP0429,29,1,,46.9,42.6,-0.75,-3.0,1,0.096910013008057,0.0,48.3,0.0,12.133333333333333,Male,Off,Spectacles,1Y,False,False,missing baseline predictor
PLSR0579,PLSP0429,29,1,464.0,49.3,44.55,-1.125,-2.75,1,0.045757490560676,,,,7.7,Male,Off,Spectacles,1Y,False,False,missing nominal one-year outcome
PLSR0580,PLSP0430,19,1,473.0,50.4,45.4,-0.875,-2.75,1,0.0,,,,8.7,Male,Off,Soft CL,1Y,False,False,missing nominal one-year outcome
PLSR0581,PLSP0430,20,1,461.0,51.8,46.7,2.5,-7.0,1,0.221848749616356,,,,1.0,Male,Off,Soft CL,1Y,False,False,missing nominal one-year outcome
PLSR0582,PLSP0431,25,0,436.0,59.9,53.55,0.5,-7.0,1,0.30102999566398,,,,6.766666666666667,Female,Off,No correction,1Y,False,False,missing nominal one-year outcome
PLSR0583,PLSP0432,27,0,485.0,43.3,40.75,-0.5,-2.5,1,0.154901959985743,,,,6.533333333333333,Female,Off,Spectacles,1Y,False,False,missing nominal one-year outcome
PLSR0584,PLSP0433,26,1,437.0,53.4,49.0,-1.125,-4.25,1,0.154901959985743,,,,5.133333333333334,Male,Off,Spectacles,1Y,False,False,missing nominal one-year outcome
PLSR0585,PLSP0434,29,1,456.0,53.2,47.3,-4.625,-6.25,1,0.221848749616356,,,,-1424.4,Male,Off,RGP,1Y,False,False,negative source last-followup metadata
PLSR0586,PLSP0435,18,0,414.0,58.2,53.7,0.0,-8.0,1,0.60205999132796,0.39794000867204,56.6,0.39794000867204,18.633333333333333,Female,Off,Spectacles,1Y,False,False,included
PLSR0587,PLSP0435,18,0,450.0,53.5,49.05,0.875,-4.25,1,0.39794000867204,0.30102999566398,51.7,0.30102999566398,17.133333333333333,Female,Off,Spectacles,1Y,False,False,included
PLSR0588,PLSP0436,20,1,507.0,53.3,48.45,-1.75,-3.5,1,0.30102999566398,,,,-1417.4333333333334,Male,Off,Spectacles,1Y,False,False,negative source last-followup metadata
PLSR0589,PLSP0437,36,0,455.0,54.8,50.0,-4.5,-5.0,1,0.30102999566398,,,,6.733333333333333,Female,Off,Spectacles,1Y,False,False,missing nominal one-year outcome
PLSR0590,PLSP0438,22,1,483.0,64.0,59.6,-3.25,-4.0,1,0.30102999566398,0.39794000867204,48.5,0.39794000867204,18.3,Male,Off,Spectacles,1Y,False,False,included
PLSR0591,PLSP0439,26,0,474.0,54.5,47.75,-0.5,-6.0,1,0.154901959985743,0.096910013008057,55.2,0.096910013008057,14.333333333333334,Female,Off,No correction,1Y,False,False,included
PLSR0592,PLSP0439,26,0,357.0,68.4,59.8,-2.75,-7.5,1,0.522878745280338,0.39794000867204,63.6,0.39794000867204,11.9,Female,Off,No correction,1Y,False,False,included
PLSR0593,PLSP0440,19,1,479.0,53.9,47.900000000000006,0.5,-3.0,1,0.221848749616356,0.154901959985743,49.3,0.154901959985743,16.8,Male,Off,RGP,1Y,False,False,included
PLSR0594,PLSP0441,24,0,481.0,49.9,48.3,-0.75,-1.0,1,0.522878745280338,,,,-1424.6333333333334,Female,Off,No correction,1Y,False,False,negative source last-followup metadata
PLSR0595,PLSP0442,18,0,428.0,61.9,56.3,1.25,-12.5,1,0.39794000867204,0.39794000867204,59.7,0.39794000867204,10.266666666666667,Female,Off,RGP,1Y,False,False,included
PLSR0596,PLSP0443,27,1,417.0,48.2,43.6,0.5,-2.5,1,0.221848749616356,,,,4.633333333333334,Male,Off,Spectacles,1Y,False,False,missing nominal one-year outcome
PLSR0597,PLSP0444,22,1,448.0,56.7,54.85,-1.5,-13.0,1,0.522878745280338,,,,6.433333333333334,Male,Off,Soft CL,1Y,False,False,missing nominal one-year outcome
PLSR0598,PLSP0444,23,1,505.0,51.2,47.35,-1.75,-6.5,1,0.221848749616356,,,,-1433.6666666666667,Male,Off,No correction,1Y,False,False,negative source last-followup metadata
PLSR0599,PLSP0445,29,1,453.0,45.5,43.8,-3.75,-2.0,1,0.0,,,,6.533333333333333,Male,Off,Spectacles,1Y,False,False,missing nominal one-year outcome
PLSR0600,PLSP0446,21,1,495.0,50.0,47.1,-0.75,-1.5,1,0.30102999566398,,,,-1428.6,Male,Off,Spectacles,1Y,False,False,negative source last-followup metadata
PLSR0601,PLSP0447,20,1,523.0,50.2,47.2,0.0,-3.5,1,0.39794000867204,0.30102999566398,48.9,0.30102999566398,16.366666666666667,Male,Off,No correction,1Y,False,False,included
PLSR0602,PLSP0447,21,1,529.0,52.3,49.0,-0.375,-2.75,1,0.30102999566398,,,,3.2666666666666666,Male,Off,No correction,1Y,False,False,missing nominal one-year outcome
PLSR0603,PLSP0448,26,1,442.0,62.2,56.05,0.75,-4.5,1,0.30102999566398,,,,3.8,Male,Off,RGP,1Y,False,False,missing nominal one-year outcome
PLSR0604,PLSP0448,26,1,416.0,56.9,52.1,1.875,-5.25,1,0.30102999566398,,,,,Male,Off, ,1Y,False,False,missing nominal one-year outcome
PLSR0605,PLSP0449,26,1,390.0,69.3,63.1,-2.0,-8.0,1,0.698970004336019,,,,-1430.4,Male,Off,Soft CL,1Y,False,False,negative source last-followup metadata
PLSR0606,PLSP0450,20,1,486.0,55.7,50.625,-1.5,-6.0,1,0.30102999566398,,,,4.733333333333333,Male,Off,Spectacles,1Y,False,False,missing nominal one-year outcome
PLSR0607,PLSP0451,25,1,472.0,53.3,50.1,-7.5,-9.0,1,0.096910013008057,,,,3.966666666666667,Male,Off,Spectacles,1Y,False,False,missing nominal one-year outcome
PLSR0608,PLSP0452,20,1,409.0,59.4,55.5,-7.5,-5.0,1,0.39794000867204,,,,5.833333333333333,Male,Off,Spectacles,1Y,False,False,missing nominal one-year outcome
PLSR0609,PLSP0453,18,1,512.0,46.0,42.55,-1.0,-3.0,1,0.096910013008057,0.096910013008057,46.6,0.0,18.53333333333333,Male,Off,Spectacles,1Y,False,False,included
PLSR0610,PLSP0454,18,1,461.0,54.0,47.8,0.625,-2.25,1,0.096910013008057,,,,7.533333333333333,Male,Off,Spectacles,1Y,False,False,missing nominal one-year outcome
PLSR0611,PLSP0454,18,1,466.0,48.9,43.85,0.0,-1.0,1,0.096910013008057,,,,3.8,Male,Off,Spectacles,1Y,False,False,missing nominal one-year outcome
PLSR0612,PLSP0455,22,1,504.0,53.1,47.25,0.5,-5.0,1,0.221848749616356,,,,-1426.7333333333331,Male,Off,No correction,1Y,False,False,negative source last-followup metadata
PLSR0613,PLSP0456,22,1,428.0,55.8,50.8,-1.25,-3.5,1,0.39794000867204,,,,7.466666666666667,Male,Off,No correction,1Y,False,False,missing nominal one-year outcome
